customer_id,complaints_last_6_months,support_tickets_last_6_months,rating_last_purchase,NPS_score
1,1,0,4,7
2,0,0,5,4
3,1,0,2,3
4,0,1,4,10
5,0,1,4,5
6,0,1,4,7
7,0,0,4,9
8,0,2,5,9
9,0,1,5,5
10,0,0,5,6
11,0,0,5,7
12,0,0,2,6
13,1,1,2,10
14,0,0,3,4
15,0,1,3,9
16,0,1,4,8
17,0,0,3,7
18,0,0,4,9
19,0,0,5,2
20,0,0,3,1
21,0,1,3,9
22,0,0,5,5
23,0,0,2,0
24,0,0,5,9
25,1,1,4,10
26,0,0,4,2
27,0,1,5,8
28,0,0,2,3
29,1,1,3,3
30,0,0,2,6
31,0,0,5,3
32,0,1,2,6
33,0,2,1,5
34,0,1,2,6
35,0,0,2,9
36,0,0,1,8
37,1,0,4,7
38,0,1,5,9
39,0,2,5,5
40,0,1,5,5
41,0,2,1,4
42,0,1,4,3
43,1,1,4,9
44,0,0,5,3
45,0,0,3,8
46,0,0,3,6
47,0,0,2,7
48,0,0,4,5
49,1,0,4,4
50,0,2,3,3
51,0,0,4,4
52,0,0,4,9
53,0,0,4,9
54,0,1,3,4
55,1,0,4,7
56,0,0,5,6
57,0,0,3,7
58,1,0,1,7
59,0,0,5,1
60,0,2,5,2
61,0,0,3,7
62,0,0,5,5
63,0,0,4,8
64,1,0,5,3
65,0,1,5,8
66,0,3,4,5
67,0,0,5,4
68,0,0,5,8
69,0,0,4,5
70,1,0,5,7
71,0,0,4,7
72,0,0,4,7
73,0,0,4,2
74,0,3,4,7
75,0,0,5,8
76,0,1,3,6
77,0,1,5,6
78,0,0,3,1
79,0,0,3,10
80,0,1,4,10
81,0,1,4,8
82,0,0,5,3
83,0,1,4,7
84,1,0,4,5
85,0,0,2,6
86,0,0,2,2
87,1,1,4,8
88,0,0,4,7
89,0,2,4,4
90,1,1,4,7
91,0,1,4,6
92,0,2,4,6
93,0,1,2,2
94,0,0,2,1
95,0,1,2,5
96,0,1,3,1
97,0,0,2,5
98,0,0,3,5
99,0,0,2,5
100,0,0,4,8
101,0,1,5,6
102,0,0,4,2
103,0,1,2,6
104,1,0,2,2
105,0,0,5,6
106,0,0,2,8
107,0,2,5,8
108,0,2,3,6
109,0,0,4,9
110,0,0,4,2
111,0,0,5,9
112,1,0,4,9
113,0,1,3,9
114,0,0,4,6
115,0,0,4,2
116,0,2,5,6
117,1,0,5,6
118,0,1,4,4
119,1,0,5,8
120,0,1,5,1
121,0,0,3,9
122,0,0,2,7
123,0,0,4,9
124,0,0,3,5
125,0,0,4,3
126,0,1,3,5
127,0,0,5,9
128,0,0,3,5
129,0,0,3,0
130,0,0,3,7
131,0,0,5,8
132,0,0,4,7
133,0,1,2,8
134,0,2,2,7
135,0,0,5,5
136,0,0,4,7
137,1,0,3,7
138,0,2,3,7
139,0,0,4,8
140,0,0,2,9
141,0,0,3,1
142,0,0,3,8
143,1,0,5,7
144,0,0,3,10
145,0,0,3,3
146,0,0,5,7
147,0,0,5,5
148,0,1,5,5
149,0,1,2,7
150,0,0,4,7
151,0,0,4,7
152,0,0,4,9
153,0,0,5,6
154,0,1,4,8
155,0,0,4,8
156,0,2,5,3
157,0,0,3,6
158,1,0,3,7
159,0,0,3,3
160,2,1,3,7
161,0,3,3,7
162,0,0,3,4
163,0,0,5,9
164,1,1,3,9
165,0,1,5,5
166,0,0,5,8
167,0,0,2,7
168,1,1,5,7
169,0,1,3,7
170,0,0,3,5
171,0,0,4,1
172,0,0,2,6
173,0,0,5,9
174,0,1,5,1
175,0,0,2,7
176,0,0,3,2
177,0,1,1,7
178,0,1,3,6
179,0,2,4,7
180,0,1,4,6
181,0,0,4,3
182,0,0,3,10
183,0,0,4,10
184,1,0,5,4
185,0,0,3,8
186,0,1,4,8
187,0,1,3,6
188,0,0,4,9
189,0,0,5,8
190,0,0,4,7
191,2,0,5,7
192,0,0,3,7
193,0,0,4,5
194,0,0,3,9
195,0,0,5,8
196,1,0,5,7
197,0,1,3,7
198,0,0,3,3
199,0,0,4,8
200,0,0,3,10
201,0,1,3,6
202,0,0,2,7
203,0,1,3,4
204,0,0,3,4
205,0,0,3,8
206,0,0,5,3
207,0,0,1,4
208,0,2,5,6
209,1,0,5,3
210,0,0,4,3
211,0,1,5,0
212,0,0,4,9
213,1,0,5,4
214,0,1,3,1
215,0,1,4,9
216,0,0,4,3
217,0,0,5,8
218,0,1,5,7
219,0,0,5,6
220,1,1,3,6
221,0,0,4,5
222,0,0,5,7
223,1,0,5,6
224,0,0,4,7
225,0,0,5,5
226,0,0,4,5
227,0,0,5,6
228,0,0,2,5
229,0,0,1,9
230,0,2,5,5
231,0,0,2,4
232,0,0,5,5
233,0,0,3,9
234,0,1,4,2
235,0,1,4,9
236,0,1,2,7
237,1,0,3,7
238,0,1,4,2
239,0,1,5,5
240,0,0,3,9
241,1,3,4,0
242,0,1,5,5
243,0,0,4,6
244,1,0,3,6
245,0,1,5,8
246,0,0,5,6
247,1,0,1,7
248,0,1,4,3
249,1,0,5,4
250,0,1,4,9
251,0,0,4,7
252,0,1,3,7
253,0,0,4,5
254,0,2,4,9
255,1,1,4,3
256,1,1,4,8
257,0,1,1,4
258,0,0,2,8
259,0,0,5,10
260,0,1,4,7
261,0,1,5,8
262,0,0,4,7
263,0,0,2,6
264,0,0,4,5
265,0,2,3,7
266,0,0,4,9
267,1,0,4,9
268,1,1,4,5
269,0,2,1,9
270,0,1,2,4
271,0,0,4,7
272,0,3,3,6
273,0,0,2,5
274,1,1,2,8
275,0,0,5,8
276,0,1,4,8
277,0,0,3,7
278,0,1,4,4
279,1,0,5,7
280,0,0,5,4
281,0,0,5,9
282,0,1,3,7
283,0,0,4,6
284,0,0,5,3
285,0,1,5,7
286,0,0,2,2
287,0,0,3,2
288,0,0,2,2
289,0,1,5,9
290,1,0,4,6
291,0,0,5,3
292,0,0,5,8
293,1,1,5,6
294,0,1,2,9
295,3,0,4,2
296,0,1,4,5
297,0,0,3,10
298,1,0,4,7
299,0,0,3,6
300,0,0,4,8
301,0,1,3,7
302,1,1,5,3
303,0,0,3,7
304,1,2,5,4
305,0,1,5,3
306,0,0,2,0
307,1,0,2,6
308,0,0,4,7
309,0,0,3,5
310,0,0,5,7
311,1,0,2,7
312,0,1,5,8
313,0,1,4,5
314,0,0,4,3
315,0,0,4,5
316,2,0,4,0
317,0,1,3,3
318,0,0,4,4
319,0,1,3,5
320,0,0,3,9
321,0,0,2,5
322,2,0,4,6
323,0,0,4,6
324,0,0,3,4
325,1,1,2,4
326,0,0,2,5
327,1,1,4,7
328,0,1,4,9
329,0,0,5,5
330,0,0,4,6
331,0,0,2,2
332,0,0,2,7
333,0,1,5,7
334,0,2,5,7
335,0,1,4,9
336,0,0,3,5
337,0,1,3,6
338,0,1,3,7
339,0,1,4,7
340,0,0,5,5
341,0,1,4,7
342,0,0,4,0
343,0,1,4,8
344,0,0,1,7
345,1,2,3,5
346,1,1,4,5
347,0,1,4,4
348,0,0,4,5
349,0,0,3,8
350,0,0,3,8
351,0,0,4,4
352,0,0,3,7
353,0,1,3,4
354,0,0,5,9
355,0,0,3,9
356,0,1,4,6
357,0,0,4,1
358,0,0,5,5
359,0,1,4,6
360,0,1,4,2
361,0,1,3,10
362,0,0,3,5
363,0,0,3,7
364,0,0,5,9
365,0,0,5,3
366,0,0,3,5
367,0,0,2,9
368,0,1,3,1
369,0,0,5,5
370,0,0,4,7
371,0,0,3,2
372,0,1,4,3
373,0,0,3,6
374,0,1,4,3
375,0,1,4,5
376,0,0,4,6
377,0,0,4,4
378,0,0,1,6
379,0,0,4,5
380,0,0,5,3
381,0,1,2,6
382,0,0,5,1
383,0,0,4,9
384,0,0,5,8
385,0,0,3,6
386,0,1,4,0
387,0,0,3,1
388,0,2,5,8
389,0,1,5,5
390,1,2,5,4
391,0,0,5,6
392,1,0,5,6
393,0,1,5,3
394,0,1,5,7
395,0,1,3,9
396,2,0,4,6
397,2,0,3,8
398,0,0,3,4
399,0,2,4,8
400,0,0,4,2
401,0,0,5,6
402,0,0,3,7
403,0,1,4,4
404,2,1,4,3
405,0,0,3,5
406,0,0,2,6
407,0,1,5,6
408,0,0,4,6
409,0,1,5,6
410,0,0,5,6
411,0,0,4,9
412,0,0,3,6
413,0,1,5,10
414,0,0,2,5
415,0,0,4,5
416,0,1,5,7
417,0,0,3,5
418,0,0,4,6
419,0,0,5,3
420,0,1,1,5
421,0,1,5,7
422,0,0,3,10
423,0,1,5,5
424,0,0,4,5
425,1,0,1,6
426,0,0,4,2
427,0,0,4,5
428,0,1,3,8
429,0,0,4,9
430,0,1,5,10
431,0,1,2,6
432,0,0,5,9
433,0,0,4,10
434,0,1,5,6
435,0,0,5,2
436,0,1,5,3
437,0,0,3,7
438,0,1,4,8
439,0,0,3,8
440,0,0,5,5
441,0,1,3,9
442,0,1,4,2
443,1,0,4,8
444,0,1,5,9
445,0,0,3,10
446,0,2,3,1
447,0,1,2,5
448,0,0,4,5
449,0,0,4,2
450,0,1,5,6
451,0,0,3,8
452,0,0,4,8
453,0,0,4,7
454,0,1,5,8
455,0,0,5,7
456,0,0,5,9
457,1,0,4,7
458,0,0,5,5
459,0,1,5,8
460,0,1,5,8
461,0,0,5,3
462,0,0,4,9
463,0,1,5,5
464,0,0,3,7
465,0,1,4,5
466,0,2,4,6
467,1,1,4,4
468,1,1,2,4
469,1,0,3,6
470,0,1,1,4
471,0,1,4,6
472,0,0,4,7
473,0,1,4,5
474,0,0,5,8
475,0,1,4,5
476,0,2,3,9
477,0,0,5,7
478,1,1,5,4
479,0,1,3,6
480,0,0,3,1
481,0,0,2,3
482,0,0,5,7
483,0,2,5,7
484,1,0,5,3
485,0,2,4,5
486,0,0,3,6
487,0,1,5,5
488,0,0,3,7
489,1,0,5,8
490,0,0,5,4
491,0,0,5,6
492,0,0,4,7
493,0,0,3,10
494,0,0,4,6
495,0,1,2,0
496,0,0,3,8
497,0,0,3,1
498,0,2,2,4
499,0,0,3,4
500,0,0,2,7
501,0,0,1,8
502,1,0,3,5
503,0,1,3,6
504,0,0,3,8
505,0,0,4,9
506,0,0,3,9
507,0,0,5,1
508,0,0,2,9
509,0,0,5,7
510,0,0,5,4
511,0,1,4,9
512,0,0,4,3
513,0,0,4,5
514,0,0,5,6
515,0,2,5,6
516,0,0,3,8
517,0,0,4,8
518,0,0,2,1
519,0,1,5,9
520,0,0,5,7
521,1,0,2,8
522,0,0,5,7
523,0,0,4,3
524,0,1,5,8
525,0,1,2,9
526,0,0,5,6
527,0,1,4,9
528,0,1,4,8
529,0,0,2,7
530,0,0,3,6
531,0,0,3,8
532,0,1,3,7
533,0,0,3,5
534,1,0,3,8
535,0,0,4,6
536,2,1,3,6
537,0,0,4,10
538,1,0,4,8
539,0,0,4,9
540,0,0,1,7
541,0,0,4,2
542,0,2,4,5
543,0,1,5,6
544,0,0,5,5
545,0,1,4,2
546,0,0,4,5
547,0,0,3,9
548,1,1,4,5
549,0,1,5,6
550,0,0,3,10
551,0,0,4,5
552,0,2,3,5
553,0,0,4,6
554,0,0,4,9
555,0,0,5,7
556,0,4,5,5
557,0,1,3,8
558,1,0,5,7
559,0,0,4,6
560,0,1,5,7
561,0,0,4,10
562,0,2,3,7
563,0,1,4,8
564,0,0,5,5
565,0,0,2,2
566,0,1,2,8
567,0,2,5,5
568,0,1,4,9
569,0,0,2,9
570,0,0,2,7
571,0,1,4,4
572,0,1,5,5
573,1,1,5,4
574,0,1,4,5
575,0,0,5,4
576,0,0,3,6
577,0,2,4,8
578,0,0,5,6
579,0,0,3,2
580,0,0,3,3
581,0,0,4,10
582,1,0,4,7
583,0,2,4,6
584,0,0,2,10
585,0,0,4,6
586,0,0,1,8
587,1,1,3,6
588,0,0,2,9
589,0,0,2,7
590,0,1,1,8
591,0,1,5,8
592,0,0,5,7
593,0,2,4,3
594,0,2,5,5
595,0,0,4,0
596,0,1,4,1
597,0,1,5,7
598,0,1,5,10
599,0,0,2,4
600,0,0,5,8
601,0,1,5,7
602,0,0,2,7
603,0,0,2,8
604,0,0,5,7
605,0,1,4,9
606,0,1,5,10
607,0,0,4,8
608,0,0,4,2
609,0,0,4,7
610,0,1,5,10
611,1,0,2,9
612,0,3,5,4
613,2,0,4,9
614,0,0,2,3
615,0,0,2,2
616,0,1,5,1
617,0,0,3,10
618,0,2,3,4
619,0,1,4,3
620,1,0,3,4
621,0,0,1,7
622,0,1,3,3
623,0,2,2,7
624,0,1,4,1
625,0,0,2,5
626,0,1,5,8
627,0,0,5,5
628,1,1,5,5
629,0,0,4,3
630,0,1,5,7
631,1,0,4,5
632,0,0,2,4
633,0,0,4,0
634,0,1,5,7
635,0,0,5,6
636,0,0,3,7
637,0,0,2,6
638,0,0,4,6
639,1,1,4,9
640,1,1,2,7
641,0,0,4,8
642,0,0,4,9
643,0,1,4,6
644,0,2,2,5
645,0,1,4,3
646,0,0,5,4
647,0,1,3,3
648,1,0,3,8
649,1,0,2,5
650,0,0,2,9
651,0,0,4,7
652,0,1,3,7
653,0,2,5,5
654,0,0,1,1
655,0,0,5,7
656,0,4,5,0
657,0,1,3,5
658,0,0,5,10
659,0,0,2,6
660,0,0,4,7
661,0,0,4,3
662,0,0,4,2
663,0,0,4,6
664,0,1,4,7
665,0,0,4,7
666,0,1,5,9
667,0,0,4,7
668,0,0,3,0
669,0,1,4,8
670,0,1,5,10
671,0,0,3,1
672,0,0,4,3
673,0,0,5,5
674,0,0,4,8
675,0,0,3,6
676,0,1,4,7
677,0,0,4,1
678,0,0,1,5
679,0,0,4,4
680,0,0,5,8
681,1,2,4,3
682,0,0,4,6
683,0,1,4,1
684,0,1,1,7
685,0,2,4,1
686,0,0,2,9
687,0,0,5,3
688,0,0,5,3
689,0,1,4,0
690,1,1,4,1
691,0,1,2,3
692,0,0,4,5
693,0,0,5,7
694,1,0,3,10
695,0,1,5,8
696,1,1,3,7
697,0,0,5,6
698,0,0,5,8
699,0,0,4,0
700,0,0,1,5
701,0,1,2,8
702,0,0,5,7
703,0,1,5,8
704,0,0,5,8
705,0,1,5,5
706,0,0,4,9
707,0,0,2,8
708,0,1,2,5
709,0,2,3,9
710,0,0,3,3
711,0,1,5,6
712,1,0,5,8
713,0,0,4,8
714,0,1,4,5
715,0,0,1,8
716,0,1,5,2
717,0,1,3,8
718,0,1,1,7
719,0,1,3,5
720,0,0,3,10
721,0,0,5,8
722,1,0,3,9
723,0,0,5,5
724,0,0,4,8
725,0,2,4,1
726,0,0,3,10
727,0,0,4,1
728,0,0,4,4
729,0,0,4,6
730,1,0,4,5
731,0,0,5,9
732,0,0,5,7
733,1,1,5,5
734,0,1,2,6
735,0,1,5,5
736,0,2,4,7
737,0,1,4,9
738,1,0,4,8
739,0,2,5,3
740,0,0,4,7
741,0,0,3,5
742,1,0,2,1
743,0,0,4,5
744,2,0,4,6
745,1,1,4,1
746,0,1,4,8
747,0,0,3,9
748,1,0,4,6
749,0,0,4,2
750,0,0,1,7
751,2,0,3,2
752,0,0,4,9
753,0,2,5,9
754,0,1,5,10
755,0,0,5,2
756,0,0,4,3
757,1,0,2,7
758,0,1,3,4
759,0,1,5,5
760,0,0,3,6
761,0,0,5,6
762,0,0,4,8
763,0,0,4,5
764,1,0,4,7
765,1,0,4,8
766,0,1,5,5
767,0,1,1,7
768,0,0,1,6
769,0,0,3,9
770,0,0,3,7
771,0,0,5,2
772,0,2,4,7
773,0,0,5,5
774,0,1,3,5
775,0,0,4,6
776,0,0,5,2
777,0,0,3,1
778,0,1,4,4
779,0,0,5,5
780,0,0,5,7
781,0,0,5,5
782,1,0,3,8
783,0,0,3,7
784,0,1,3,8
785,0,3,5,7
786,0,0,3,5
787,0,1,3,5
788,1,0,4,2
789,0,1,4,6
790,0,0,5,7
791,1,0,5,9
792,0,1,5,10
793,0,0,5,2
794,0,0,4,8
795,0,0,5,7
796,0,0,4,5
797,0,3,5,7
798,0,0,3,1
799,1,1,4,9
800,0,0,4,5
801,0,0,5,6
802,0,0,2,4
803,0,0,5,7
804,1,2,2,9
805,0,0,3,5
806,0,0,5,7
807,1,0,5,8
808,0,0,5,8
809,0,0,5,8
810,0,0,4,8
811,0,0,4,7
812,0,0,3,9
813,0,2,5,7
814,0,0,4,8
815,0,0,5,5
816,0,2,3,4
817,0,0,1,5
818,1,0,1,7
819,0,0,5,7
820,0,0,5,4
821,0,0,3,3
822,0,0,2,5
823,0,0,2,0
824,1,0,5,7
825,1,0,4,9
826,0,1,3,3
827,0,0,4,4
828,0,1,5,7
829,1,0,5,6
830,0,0,5,8
831,0,0,2,4
832,0,0,3,3
833,0,0,5,10
834,0,1,4,9
835,1,0,5,8
836,0,0,5,8
837,0,0,4,5
838,0,0,4,3
839,0,0,3,6
840,1,1,4,4
841,0,0,5,4
842,0,0,3,7
843,1,0,5,3
844,1,0,3,8
845,0,0,4,7
846,1,0,5,5
847,0,0,4,3
848,1,1,4,5
849,0,0,1,8
850,0,1,5,6
851,0,0,4,10
852,0,0,5,7
853,0,0,5,7
854,0,0,4,3
855,0,0,5,5
856,1,0,4,8
857,1,0,5,7
858,0,1,5,8
859,0,0,4,9
860,1,0,5,9
861,1,1,4,3
862,0,0,5,5
863,0,1,3,9
864,0,0,4,6
865,0,1,3,7
866,0,0,5,9
867,2,1,4,6
868,0,0,5,9
869,0,0,1,5
870,0,0,4,6
871,0,1,3,7
872,0,0,5,10
873,0,0,4,5
874,0,0,4,4
875,0,0,4,6
876,0,0,4,5
877,0,1,2,8
878,0,0,5,7
879,0,0,4,8
880,0,0,1,6
881,0,0,3,6
882,0,1,3,4
883,0,0,4,4
884,0,0,4,7
885,0,0,5,6
886,0,0,4,7
887,0,1,4,9
888,1,0,3,8
889,0,1,5,8
890,1,0,3,9
891,0,1,4,7
892,0,2,5,10
893,1,0,4,8
894,0,0,3,6
895,0,0,3,2
896,0,0,5,7
897,1,2,3,7
898,0,0,1,5
899,0,0,5,5
900,0,1,3,7
901,0,1,4,8
902,0,0,3,7
903,0,1,2,4
904,0,0,5,8
905,0,0,1,10
906,0,0,5,5
907,0,0,5,9
908,0,0,4,5
909,0,0,3,4
910,0,3,3,6
911,0,1,3,6
912,0,0,3,9
913,0,0,5,7
914,0,0,5,1
915,0,1,3,5
916,0,1,2,1
917,0,2,5,2
918,0,0,4,7
919,0,1,5,4
920,0,4,3,6
921,1,1,4,5
922,1,0,3,2
923,1,1,3,9
924,0,1,4,5
925,0,1,4,9
926,0,0,5,6
927,0,1,2,9
928,0,0,5,6
929,0,0,5,6
930,1,0,1,5
931,0,2,3,9
932,0,1,3,7
933,0,0,4,1
934,0,2,5,8
935,0,1,2,6
936,0,0,5,7
937,0,0,5,6
938,0,0,4,7
939,0,1,4,9
940,0,1,4,6
941,0,0,4,2
942,0,1,5,8
943,0,0,3,5
944,1,0,5,7
945,1,1,5,3
946,0,1,4,7
947,1,0,1,5
948,0,0,4,5
949,0,1,3,5
950,0,2,1,8
951,0,0,5,8
952,0,2,5,5
953,0,1,4,4
954,0,0,5,4
955,0,0,5,6
956,0,0,3,7
957,0,0,5,5
958,1,1,4,1
959,0,0,5,6
960,0,0,2,7
961,0,0,4,7
962,0,0,4,5
963,0,0,1,6
964,0,1,5,3
965,0,1,3,5
966,0,0,5,4
967,0,2,5,8
968,0,1,5,5
969,0,1,4,6
970,0,0,4,4
971,0,1,2,7
972,0,0,5,7
973,0,0,4,4
974,0,0,5,3
975,0,0,4,3
976,0,2,5,6
977,0,0,5,10
978,0,0,4,8
979,0,1,5,6
980,0,1,3,7
981,0,1,4,6
982,0,0,4,10
983,0,1,5,5
984,0,1,4,10
985,0,1,4,8
986,1,0,4,5
987,0,1,5,8
988,0,1,1,7
989,0,1,4,7
990,0,0,4,3
991,0,0,4,8
992,0,0,4,5
993,1,0,5,4
994,0,0,3,8
995,0,0,4,8
996,1,0,5,9
997,0,1,5,9
998,0,0,5,8
999,0,1,5,5
1000,0,1,5,7
1001,0,0,5,6
1002,0,2,5,6
1003,0,0,2,7
1004,0,0,2,8
1005,0,1,4,7
1006,0,0,5,5
1007,0,0,3,9
1008,0,0,3,4
1009,0,3,5,2
1010,0,2,4,2
1011,1,0,4,1
1012,0,0,4,10
1013,0,0,4,5
1014,0,1,3,7
1015,0,0,5,8
1016,0,2,2,9
1017,0,1,3,7
1018,0,0,5,4
1019,0,1,4,5
1020,0,0,4,1
1021,0,2,4,4
1022,0,1,5,4
1023,0,0,2,5
1024,0,0,2,9
1025,1,0,3,7
1026,0,0,5,7
1027,0,1,4,7
1028,0,0,5,2
1029,0,1,5,6
1030,0,1,4,7
1031,0,1,3,9
1032,0,0,5,9
1033,0,0,4,4
1034,0,0,5,4
1035,0,2,3,6
1036,0,0,4,6
1037,0,0,2,8
1038,0,0,3,5
1039,0,0,4,10
1040,0,2,3,7
1041,0,1,3,4
1042,0,0,5,5
1043,0,0,4,7
1044,1,0,3,7
1045,0,1,1,8
1046,0,0,5,6
1047,0,0,4,8
1048,0,1,3,6
1049,0,0,3,3
1050,0,0,3,3
1051,0,0,3,10
1052,1,1,3,2
1053,0,1,2,7
1054,0,0,3,10
1055,0,1,5,6
1056,0,0,2,8
1057,0,0,3,6
1058,0,0,3,9
1059,0,0,3,6
1060,0,0,3,3
1061,0,0,3,5
1062,0,1,3,9
1063,0,1,5,7
1064,2,0,4,5
1065,0,0,5,6
1066,0,0,4,7
1067,0,0,4,1
1068,0,0,4,8
1069,0,0,5,3
1070,0,0,4,9
1071,0,0,3,6
1072,0,1,1,1
1073,0,0,4,7
1074,0,0,4,5
1075,0,0,4,9
1076,0,1,5,6
1077,0,0,4,5
1078,1,0,5,9
1079,0,0,5,6
1080,0,0,2,8
1081,2,2,4,7
1082,0,0,4,7
1083,0,0,5,0
1084,0,0,3,5
1085,0,0,5,6
1086,0,0,4,5
1087,0,3,2,6
1088,0,0,4,9
1089,0,1,5,7
1090,0,0,5,10
1091,0,1,2,7
1092,0,1,4,6
1093,0,1,5,8
1094,0,0,4,9
1095,0,0,4,3
1096,0,0,5,9
1097,0,0,1,5
1098,0,0,3,10
1099,0,0,5,9
1100,0,0,4,7
1101,1,0,5,1
1102,0,0,5,5
1103,0,0,5,5
1104,1,0,4,4
1105,0,0,3,8
1106,0,0,4,9
1107,0,0,3,6
1108,0,1,5,9
1109,0,0,4,6
1110,0,1,2,7
1111,0,1,5,3
1112,2,0,4,6
1113,0,0,4,9
1114,0,0,3,7
1115,0,1,4,7
1116,0,0,3,5
1117,0,1,4,5
1118,0,0,4,2
1119,0,0,5,9
1120,0,0,2,8
1121,0,1,2,10
1122,0,1,4,7
1123,0,1,2,9
1124,0,1,5,6
1125,0,0,5,5
1126,0,0,3,0
1127,0,1,4,3
1128,0,1,4,6
1129,0,0,3,9
1130,1,2,5,3
1131,1,0,5,0
1132,0,1,5,8
1133,0,0,2,9
1134,0,1,3,2
1135,0,0,2,8
1136,0,1,4,7
1137,0,0,4,6
1138,0,1,4,8
1139,0,0,5,2
1140,0,1,4,9
1141,0,0,4,6
1142,0,2,3,0
1143,0,1,5,10
1144,0,1,3,6
1145,1,0,3,5
1146,0,0,3,7
1147,0,1,4,10
1148,1,0,1,2
1149,0,2,3,8
1150,0,0,4,5
1151,0,2,4,4
1152,0,1,3,8
1153,0,0,4,10
1154,2,0,5,8
1155,0,0,5,7
1156,0,0,5,8
1157,1,0,5,4
1158,0,0,5,6
1159,1,0,4,5
1160,0,1,5,7
1161,0,1,5,3
1162,0,2,4,8
1163,0,0,3,6
1164,0,1,4,7
1165,0,0,5,6
1166,0,2,4,4
1167,0,0,3,7
1168,0,0,4,7
1169,0,0,5,9
1170,0,0,3,5
1171,1,0,4,5
1172,0,1,4,7
1173,0,0,4,4
1174,0,0,2,5
1175,0,0,2,4
1176,1,0,3,8
1177,0,0,4,8
1178,0,0,2,7
1179,0,0,4,7
1180,0,0,4,8
1181,0,2,4,8
1182,0,1,4,7
1183,0,1,5,9
1184,0,1,4,9
1185,0,0,5,7
1186,0,0,4,10
1187,0,0,5,7
1188,0,0,2,6
1189,0,1,5,7
1190,0,0,1,7
1191,0,1,5,5
1192,0,0,5,9
1193,0,1,5,4
1194,0,1,3,8
1195,0,0,4,8
1196,0,0,4,10
1197,0,1,3,7
1198,0,1,4,4
1199,0,2,5,9
1200,0,1,4,4
1201,0,1,3,7
1202,1,1,2,3
1203,0,1,3,9
1204,0,0,5,4
1205,0,2,2,7
1206,0,1,4,4
1207,0,2,4,6
1208,0,1,4,6
1209,0,1,2,5
1210,0,1,4,3
1211,0,0,3,7
1212,0,3,5,8
1213,0,0,4,4
1214,0,0,5,9
1215,0,0,2,5
1216,0,0,4,8
1217,0,0,5,8
1218,0,1,4,0
1219,0,2,3,5
1220,0,2,5,7
1221,0,0,2,7
1222,1,1,4,6
1223,1,0,3,5
1224,0,2,3,10
1225,0,1,5,6
1226,0,0,5,6
1227,0,1,5,6
1228,0,0,4,5
1229,0,1,3,6
1230,0,0,4,3
1231,0,0,5,7
1232,0,0,3,2
1233,0,0,5,4
1234,0,0,4,5
1235,0,1,4,9
1236,0,0,4,3
1237,1,0,5,5
1238,0,0,4,10
1239,0,0,5,5
1240,0,0,4,9
1241,0,0,2,9
1242,0,0,4,2
1243,1,0,3,9
1244,0,1,2,6
1245,0,0,3,9
1246,0,0,4,2
1247,0,0,5,2
1248,0,1,3,6
1249,0,1,4,8
1250,0,0,4,2
1251,0,0,4,6
1252,1,2,4,7
1253,0,1,1,6
1254,0,0,5,3
1255,1,0,4,5
1256,0,1,5,5
1257,0,0,2,1
1258,0,1,5,4
1259,1,0,5,8
1260,0,0,4,7
1261,0,0,1,7
1262,1,1,5,4
1263,0,1,5,5
1264,0,0,5,7
1265,0,0,5,4
1266,0,0,5,9
1267,0,1,4,8
1268,1,0,5,1
1269,0,0,4,7
1270,0,2,5,2
1271,1,1,1,0
1272,0,1,3,8
1273,0,1,1,6
1274,0,2,4,6
1275,1,1,5,6
1276,0,0,4,6
1277,0,0,5,5
1278,0,1,4,10
1279,1,1,2,2
1280,0,0,5,7
1281,0,0,4,6
1282,0,0,5,6
1283,0,1,3,3
1284,0,0,5,3
1285,0,1,4,2
1286,1,0,5,3
1287,0,2,3,8
1288,0,0,4,2
1289,0,0,4,4
1290,0,0,5,8
1291,2,0,4,9
1292,0,0,3,1
1293,0,0,4,8
1294,0,0,4,7
1295,1,0,5,4
1296,0,0,4,4
1297,0,1,2,8
1298,0,0,2,6
1299,1,1,4,6
1300,0,0,2,9
1301,0,0,4,8
1302,0,1,3,3
1303,1,1,1,6
1304,0,0,5,2
1305,0,0,5,9
1306,0,1,4,6
1307,0,1,3,3
1308,0,0,3,7
1309,0,0,4,6
1310,0,1,1,5
1311,0,0,4,1
1312,0,3,1,4
1313,0,1,3,9
1314,0,0,3,2
1315,0,0,5,9
1316,0,1,5,7
1317,0,1,5,3
1318,0,0,5,7
1319,0,0,5,4
1320,0,0,2,4
1321,0,0,5,7
1322,1,0,5,10
1323,0,1,3,5
1324,0,0,4,3
1325,0,0,4,9
1326,0,1,3,4
1327,0,2,1,10
1328,1,1,5,6
1329,1,0,4,9
1330,0,0,4,4
1331,0,0,5,8
1332,0,0,5,8
1333,0,0,3,3
1334,0,0,4,5
1335,0,1,4,4
1336,1,0,5,8
1337,0,0,4,8
1338,0,0,4,6
1339,0,1,1,8
1340,0,0,4,9
1341,0,0,4,8
1342,0,2,4,3
1343,0,0,1,8
1344,0,0,1,0
1345,0,0,5,4
1346,0,0,3,5
1347,0,0,5,1
1348,0,1,4,1
1349,0,0,5,2
1350,0,0,1,8
1351,0,0,3,2
1352,0,0,4,6
1353,0,1,2,8
1354,0,0,5,9
1355,0,0,5,8
1356,0,0,4,7
1357,1,0,4,5
1358,0,0,2,8
1359,0,0,3,1
1360,0,0,5,8
1361,0,0,3,3
1362,0,1,2,7
1363,0,1,5,8
1364,0,0,4,9
1365,1,0,2,6
1366,0,1,4,5
1367,0,0,4,8
1368,0,0,4,9
1369,0,2,4,1
1370,0,0,3,6
1371,0,0,1,5
1372,0,0,5,6
1373,0,2,4,6
1374,1,1,3,2
1375,1,1,1,3
1376,0,1,3,0
1377,0,1,4,9
1378,0,0,5,8
1379,0,0,5,7
1380,0,0,3,5
1381,0,0,5,6
1382,0,1,4,7
1383,0,0,4,8
1384,0,0,2,5
1385,0,1,4,5
1386,0,0,2,9
1387,0,0,5,4
1388,0,2,3,7
1389,0,0,3,9
1390,0,1,3,7
1391,0,0,5,5
1392,0,0,4,5
1393,1,0,5,7
1394,1,0,4,5
1395,0,0,3,8
1396,2,0,5,10
1397,0,1,5,8
1398,0,1,5,8
1399,1,0,3,5
1400,0,0,3,7
1401,1,0,5,8
1402,0,0,4,8
1403,0,0,4,8
1404,0,1,3,5
1405,0,1,4,6
1406,0,0,3,9
1407,0,1,3,5
1408,0,0,5,6
1409,0,1,5,2
1410,0,3,5,8
1411,0,0,4,5
1412,1,0,5,3
1413,1,1,5,9
1414,0,0,5,6
1415,2,3,5,5
1416,0,0,5,5
1417,0,0,4,9
1418,0,0,4,7
1419,0,0,4,7
1420,0,0,5,2
1421,0,0,2,5
1422,0,0,5,7
1423,0,0,3,3
1424,0,0,5,7
1425,0,0,4,3
1426,0,1,4,6
1427,0,0,5,6
1428,0,1,4,5
1429,0,1,3,6
1430,0,0,2,8
1431,0,1,5,5
1432,0,0,5,6
1433,1,1,4,7
1434,0,0,5,8
1435,0,0,5,5
1436,0,2,2,4
1437,1,1,2,10
1438,0,1,4,0
1439,0,0,5,7
1440,0,0,3,5
1441,1,2,5,0
1442,0,0,3,6
1443,0,1,5,7
1444,0,1,2,8
1445,0,0,3,5
1446,0,0,4,9
1447,1,0,4,10
1448,0,0,3,7
1449,0,0,3,8
1450,0,0,5,6
1451,0,0,5,7
1452,0,0,4,6
1453,1,1,5,5
1454,0,0,4,7
1455,1,0,5,5
1456,0,0,3,4
1457,1,1,3,9
1458,0,0,5,6
1459,0,1,5,2
1460,0,0,3,9
1461,1,0,5,3
1462,0,1,4,5
1463,0,0,5,8
1464,0,0,5,8
1465,0,0,4,10
1466,0,1,4,5
1467,0,0,5,10
1468,0,0,5,8
1469,0,0,3,0
1470,0,0,3,8
1471,0,1,4,6
1472,0,0,2,8
1473,0,1,3,5
1474,0,0,3,1
1475,0,0,5,8
1476,1,3,3,7
1477,0,1,4,7
1478,1,0,5,6
1479,0,0,4,7
1480,0,1,3,6
1481,0,0,4,7
1482,0,2,3,5
1483,0,0,3,9
1484,0,0,4,9
1485,0,0,2,3
1486,0,0,4,5
1487,0,0,5,7
1488,0,0,4,5
1489,0,0,3,2
1490,1,0,3,6
1491,1,1,4,1
1492,0,1,4,9
1493,0,0,4,8
1494,0,1,5,7
1495,0,0,3,5
1496,0,0,5,3
1497,1,1,4,3
1498,0,0,4,7
1499,0,1,3,9
1500,0,0,5,3
1501,0,0,3,9
1502,0,0,4,9
1503,0,1,4,9
1504,0,1,5,4
1505,0,1,4,9
1506,1,1,3,6
1507,0,0,5,6
1508,0,0,4,7
1509,0,1,4,9
1510,0,0,2,6
1511,1,0,5,10
1512,0,0,1,2
1513,0,1,5,7
1514,0,0,3,10
1515,0,0,1,8
1516,0,0,1,5
1517,0,0,2,6
1518,2,0,5,2
1519,0,1,5,10
1520,1,1,4,7
1521,1,0,5,6
1522,0,1,4,1
1523,0,0,3,7
1524,0,1,1,3
1525,0,1,5,2
1526,0,0,5,1
1527,0,0,3,9
1528,0,1,5,7
1529,0,0,3,5
1530,0,0,4,2
1531,0,1,3,9
1532,1,0,3,8
1533,0,0,5,7
1534,0,0,4,8
1535,0,1,3,10
1536,0,0,4,3
1537,0,1,2,5
1538,0,2,3,1
1539,0,0,5,5
1540,0,0,5,5
1541,0,0,4,8
1542,0,2,5,7
1543,0,1,3,3
1544,3,1,5,6
1545,0,1,4,6
1546,0,0,2,5
1547,0,0,4,9
1548,0,1,4,7
1549,0,1,4,5
1550,0,0,4,10
1551,0,0,3,8
1552,0,0,4,9
1553,2,0,5,8
1554,0,0,5,6
1555,0,0,4,2
1556,0,0,4,6
1557,0,1,2,5
1558,0,0,3,1
1559,0,0,2,5
1560,0,0,5,9
1561,0,0,5,3
1562,0,0,3,6
1563,0,1,5,3
1564,0,0,4,4
1565,0,0,4,6
1566,0,0,4,8
1567,0,1,4,10
1568,0,0,1,3
1569,0,1,5,4
1570,1,1,5,6
1571,0,0,2,5
1572,0,0,5,7
1573,0,2,5,7
1574,0,1,4,5
1575,0,2,5,9
1576,0,0,4,5
1577,0,4,4,3
1578,0,1,5,5
1579,0,0,4,5
1580,0,0,1,6
1581,0,1,2,8
1582,0,1,4,10
1583,0,0,4,1
1584,0,0,5,7
1585,0,1,2,3
1586,0,0,5,9
1587,1,0,5,10
1588,1,2,5,5
1589,0,1,1,4
1590,0,0,5,3
1591,0,0,5,7
1592,0,0,4,5
1593,0,1,5,5
1594,0,0,4,7
1595,0,1,5,7
1596,0,2,3,10
1597,0,0,4,4
1598,0,0,4,0
1599,0,0,4,3
1600,0,0,2,5
1601,0,0,4,7
1602,0,0,5,8
1603,0,1,4,0
1604,0,0,5,2
1605,0,2,4,7
1606,0,0,4,2
1607,0,0,3,5
1608,0,1,2,0
1609,0,1,4,2
1610,0,0,5,8
1611,0,0,2,8
1612,0,1,5,10
1613,1,0,4,4
1614,0,1,5,9
1615,0,0,4,4
1616,0,1,3,6
1617,0,0,3,7
1618,0,0,5,5
1619,0,0,4,4
1620,0,1,3,5
1621,0,0,1,4
1622,0,0,4,3
1623,0,1,2,10
1624,0,0,3,8
1625,0,0,5,3
1626,0,0,2,2
1627,0,0,1,6
1628,0,0,4,8
1629,0,0,4,6
1630,0,0,3,6
1631,0,2,5,8
1632,0,1,5,8
1633,0,1,3,8
1634,1,1,5,9
1635,0,1,4,7
1636,1,0,2,10
1637,0,1,4,6
1638,1,0,5,7
1639,0,2,3,5
1640,0,0,4,6
1641,0,0,4,4
1642,0,0,4,9
1643,0,2,4,6
1644,0,0,4,7
1645,1,1,2,7
1646,1,0,3,6
1647,0,0,3,9
1648,1,1,4,7
1649,0,0,5,7
1650,0,0,4,9
1651,0,0,4,9
1652,0,0,5,5
1653,0,2,4,7
1654,0,0,3,8
1655,0,2,3,8
1656,0,0,5,6
1657,0,0,2,9
1658,1,1,5,6
1659,0,0,4,0
1660,0,1,3,9
1661,0,1,4,2
1662,0,0,5,8
1663,1,0,4,8
1664,0,0,3,6
1665,0,1,3,10
1666,0,0,2,6
1667,0,1,5,7
1668,0,0,4,4
1669,0,0,3,3
1670,0,0,4,5
1671,0,0,5,8
1672,0,0,4,6
1673,1,0,3,8
1674,0,0,3,5
1675,0,0,1,4
1676,0,0,1,5
1677,0,0,4,8
1678,0,0,4,7
1679,0,0,5,7
1680,0,1,5,7
1681,0,0,2,5
1682,0,0,1,9
1683,0,0,2,6
1684,1,1,4,5
1685,0,0,5,2
1686,0,0,3,10
1687,0,1,2,6
1688,0,0,1,7
1689,0,0,4,9
1690,0,0,4,1
1691,0,1,4,9
1692,0,2,4,9
1693,0,0,4,4
1694,0,2,4,5
1695,0,4,3,9
1696,0,0,4,6
1697,0,0,3,8
1698,1,0,5,0
1699,2,1,4,6
1700,0,1,5,6
1701,0,0,3,7
1702,0,0,5,6
1703,0,2,2,0
1704,0,0,1,6
1705,0,0,5,7
1706,0,1,1,5
1707,0,1,3,9
1708,0,0,3,5
1709,0,0,3,1
1710,0,0,3,9
1711,0,1,2,10
1712,0,0,5,8
1713,0,1,5,4
1714,0,1,5,4
1715,0,2,4,2
1716,0,0,4,9
1717,0,1,4,8
1718,0,1,1,9
1719,0,0,4,7
1720,0,0,5,1
1721,0,0,3,5
1722,0,1,5,7
1723,1,1,2,6
1724,0,0,2,2
1725,0,0,5,1
1726,0,0,3,5
1727,0,0,3,7
1728,0,0,4,9
1729,0,0,5,7
1730,0,0,5,1
1731,0,0,3,8
1732,0,0,4,2
1733,0,0,4,8
1734,1,0,3,6
1735,0,0,5,5
1736,0,1,4,7
1737,0,1,4,7
1738,0,0,1,6
1739,1,1,4,8
1740,0,1,5,4
1741,0,1,3,5
1742,0,0,5,7
1743,0,0,4,6
1744,0,0,4,2
1745,0,0,4,3
1746,0,0,3,8
1747,0,0,4,8
1748,0,0,5,8
1749,0,0,1,3
1750,0,1,5,5
1751,1,2,1,8
1752,0,2,5,5
1753,0,0,4,1
1754,0,0,4,8
1755,0,1,4,5
1756,0,2,5,6
1757,0,0,1,2
1758,0,0,5,5
1759,0,0,4,8
1760,0,0,4,3
1761,0,0,4,7
1762,1,0,2,5
1763,0,0,2,5
1764,1,0,3,3
1765,0,1,3,0
1766,0,1,4,6
1767,0,0,2,10
1768,0,1,4,8
1769,0,1,5,6
1770,1,0,5,7
1771,0,0,5,7
1772,1,0,4,9
1773,0,1,4,7
1774,0,0,3,9
1775,0,0,4,7
1776,0,0,4,4
1777,1,0,5,6
1778,0,0,4,5
1779,0,0,4,7
1780,0,0,3,5
1781,0,1,5,9
1782,0,0,4,6
1783,0,1,3,5
1784,0,0,4,7
1785,0,0,3,7
1786,0,0,5,9
1787,0,0,4,3
1788,0,0,4,1
1789,0,0,4,7
1790,0,0,3,9
1791,0,1,4,7
1792,0,0,5,6
1793,0,1,5,2
1794,0,2,4,10
1795,0,0,5,6
1796,0,1,4,3
1797,0,0,5,10
1798,0,0,4,0
1799,0,1,3,9
1800,0,0,4,6
1801,0,1,5,9
1802,0,0,4,3
1803,0,1,5,7
1804,0,2,5,7
1805,0,1,3,5
1806,0,1,5,5
1807,0,0,5,5
1808,1,1,4,6
1809,0,0,4,6
1810,0,0,3,4
1811,1,1,4,7
1812,0,1,5,1
1813,0,1,3,7
1814,0,0,5,10
1815,0,0,3,9
1816,0,0,2,8
1817,0,0,4,4
1818,0,0,4,5
1819,0,1,5,6
1820,0,0,4,4
1821,0,0,4,6
1822,0,1,2,6
1823,0,0,4,7
1824,0,1,5,8
1825,0,0,5,6
1826,0,0,4,5
1827,0,0,5,6
1828,0,2,4,9
1829,0,1,3,6
1830,1,0,5,9
1831,0,2,5,3
1832,1,0,3,8
1833,1,0,4,5
1834,0,0,5,5
1835,0,1,4,10
1836,0,1,5,3
1837,1,0,3,5
1838,0,0,5,5
1839,0,2,3,0
1840,1,0,5,6
1841,1,0,4,4
1842,0,0,5,9
1843,0,0,5,1
1844,0,0,4,6
1845,0,1,5,7
1846,0,0,4,8
1847,0,1,4,8
1848,1,2,5,9
1849,0,1,5,9
1850,0,0,3,7
1851,0,0,4,7
1852,0,0,3,6
1853,0,0,2,6
1854,0,1,4,10
1855,0,1,5,7
1856,0,0,3,7
1857,0,0,1,5
1858,1,2,4,5
1859,0,2,4,5
1860,0,0,5,6
1861,0,1,3,5
1862,0,0,5,9
1863,0,0,5,6
1864,0,1,4,10
1865,0,0,5,8
1866,0,1,5,3
1867,0,1,4,4
1868,0,0,3,9
1869,0,1,5,10
1870,0,1,5,0
1871,0,0,5,6
1872,0,0,4,5
1873,0,2,2,5
1874,0,0,2,6
1875,0,0,5,7
1876,0,1,4,2
1877,0,0,3,7
1878,1,0,2,6
1879,0,1,5,2
1880,1,0,4,3
1881,0,0,1,2
1882,0,0,3,5
1883,0,0,4,7
1884,0,0,2,7
1885,0,1,4,6
1886,0,0,4,7
1887,0,1,1,9
1888,0,0,1,5
1889,0,2,4,10
1890,0,0,5,10
1891,0,0,3,6
1892,0,1,4,7
1893,0,1,4,7
1894,0,0,4,7
1895,0,0,4,1
1896,0,2,1,8
1897,0,0,4,8
1898,0,0,3,7
1899,0,0,5,0
1900,0,0,4,4
1901,0,0,3,2
1902,0,0,3,6
1903,0,0,2,2
1904,0,3,4,6
1905,0,0,3,4
1906,0,0,5,6
1907,0,0,5,6
1908,0,0,4,6
1909,0,0,4,6
1910,0,1,4,5
1911,0,1,3,8
1912,0,1,5,5
1913,0,0,5,6
1914,0,0,4,10
1915,0,0,5,7
1916,0,1,4,7
1917,0,0,5,3
1918,1,1,4,3
1919,0,0,2,0
1920,0,0,4,8
1921,0,0,4,8
1922,0,2,5,10
1923,0,0,5,7
1924,1,0,2,10
1925,0,2,4,5
1926,0,0,4,4
1927,0,1,4,8
1928,0,1,3,5
1929,0,1,2,10
1930,1,2,3,3
1931,0,1,3,0
1932,0,0,3,7
1933,0,1,5,5
1934,0,1,4,5
1935,0,0,5,7
1936,1,0,4,8
1937,0,0,2,6
1938,0,0,4,3
1939,0,0,4,6
1940,0,1,5,5
1941,0,1,4,8
1942,0,1,5,5
1943,0,0,4,5
1944,0,0,1,8
1945,0,2,2,10
1946,0,0,4,5
1947,0,0,4,7
1948,0,1,3,9
1949,0,0,3,10
1950,1,0,4,9
1951,0,0,4,9
1952,0,0,5,3
1953,1,0,5,5
1954,0,0,4,6
1955,0,1,5,7
1956,0,1,3,2
1957,0,0,3,4
1958,0,0,5,9
1959,0,0,2,8
1960,0,1,5,5
1961,0,1,2,6
1962,0,0,3,6
1963,0,1,3,7
1964,0,0,4,7
1965,0,0,3,6
1966,1,0,3,5
1967,0,1,4,7
1968,0,1,5,3
1969,0,0,1,5
1970,0,0,5,3
1971,1,0,3,3
1972,1,2,3,5
1973,1,0,4,9
1974,0,0,5,2
1975,0,1,4,6
1976,1,1,5,9
1977,0,0,4,7
1978,0,0,4,5
1979,0,0,3,4
1980,0,0,4,5
1981,0,1,4,3
1982,0,0,5,5
1983,0,2,5,8
1984,0,1,5,7
1985,0,0,5,3
1986,0,0,5,5
1987,0,1,1,7
1988,0,1,3,4
1989,0,0,2,4
1990,0,1,2,7
1991,0,0,2,8
1992,1,2,4,8
1993,0,0,4,7
1994,1,1,4,5
1995,0,0,3,9
1996,0,0,4,8
1997,0,0,2,9
1998,1,0,5,9
1999,0,1,5,7
2000,0,2,5,7
2001,0,0,5,9
2002,1,0,1,5
2003,0,1,4,4
2004,0,1,3,6
2005,0,1,4,2
2006,0,1,5,6
2007,0,0,3,4
2008,0,0,5,6
2009,0,0,5,5
2010,0,0,3,0
2011,0,0,3,9
2012,0,0,3,8
2013,0,1,2,7
2014,0,0,1,0
2015,0,1,3,9
2016,0,0,5,8
2017,0,3,5,6
2018,0,1,4,6
2019,0,0,4,8
2020,1,0,2,7
2021,1,0,2,9
2022,0,0,4,7
2023,0,0,5,7
2024,0,0,2,8
2025,0,0,3,4
2026,0,0,4,4
2027,0,1,3,3
2028,0,1,2,3
2029,0,0,5,8
2030,0,0,3,6
2031,0,0,2,6
2032,0,0,5,6
2033,0,2,2,4
2034,0,0,5,10
2035,0,1,5,6
2036,0,0,4,5
2037,0,0,3,8
2038,0,0,3,8
2039,0,1,4,10
2040,0,0,4,6
2041,0,0,2,3
2042,0,0,3,8
2043,2,0,4,7
2044,0,0,4,2
2045,0,0,2,7
2046,0,0,5,3
2047,0,1,5,10
2048,0,0,5,8
2049,0,1,2,3
2050,0,2,4,2
2051,0,0,4,5
2052,1,0,1,5
2053,0,0,1,6
2054,0,0,3,0
2055,0,0,4,7
2056,0,0,2,6
2057,0,1,3,2
2058,0,0,5,1
2059,0,0,5,4
2060,0,1,5,5
2061,0,0,3,2
2062,0,0,3,5
2063,0,1,5,9
2064,0,1,5,6
2065,0,0,4,0
2066,1,0,4,7
2067,1,0,5,9
2068,0,0,5,4
2069,0,0,2,6
2070,0,2,4,5
2071,0,1,5,1
2072,0,2,3,5
2073,0,2,2,5
2074,0,0,2,8
2075,0,0,2,4
2076,0,1,2,7
2077,0,0,3,6
2078,0,1,4,0
2079,0,1,1,7
2080,0,0,3,8
2081,0,2,4,6
2082,0,0,3,4
2083,0,0,2,8
2084,0,1,2,0
2085,0,0,5,6
2086,0,1,2,1
2087,0,0,4,9
2088,0,0,4,10
2089,0,0,4,10
2090,1,0,5,3
2091,0,0,4,7
2092,1,0,4,7
2093,0,0,3,5
2094,0,1,4,8
2095,0,0,5,8
2096,0,1,4,9
2097,2,0,3,8
2098,0,2,5,7
2099,0,0,4,6
2100,1,1,4,3
2101,0,1,4,9
2102,0,0,4,9
2103,0,0,3,9
2104,0,2,3,1
2105,1,2,2,4
2106,0,0,4,6
2107,0,1,3,5
2108,0,0,5,8
2109,0,1,5,3
2110,0,1,3,7
2111,0,1,3,7
2112,0,2,5,8
2113,0,0,2,7
2114,0,0,5,6
2115,1,0,4,4
2116,0,1,3,5
2117,0,0,5,2
2118,0,1,4,6
2119,0,0,1,0
2120,0,0,5,5
2121,0,0,5,8
2122,0,0,5,7
2123,0,0,5,8
2124,0,0,2,5
2125,0,2,2,7
2126,0,0,2,8
2127,0,0,3,7
2128,0,1,3,6
2129,0,0,3,4
2130,0,2,4,8
2131,0,0,3,8
2132,0,1,4,8
2133,1,0,4,9
2134,1,1,3,9
2135,0,0,5,5
2136,0,0,5,1
2137,0,1,5,9
2138,1,1,5,5
2139,0,0,2,10
2140,0,2,2,8
2141,0,0,3,5
2142,0,0,3,7
2143,0,0,4,9
2144,0,1,5,3
2145,0,0,5,7
2146,1,0,4,5
2147,0,0,3,2
2148,2,0,4,5
2149,0,0,5,5
2150,2,0,5,2
2151,0,0,5,10
2152,0,0,2,5
2153,1,0,5,6
2154,0,0,3,8
2155,1,0,4,2
2156,0,0,4,6
2157,0,0,3,8
2158,1,0,3,8
2159,0,0,3,7
2160,0,0,3,5
2161,0,0,5,7
2162,0,0,3,4
2163,0,1,5,7
2164,1,0,2,3
2165,0,1,4,9
2166,0,0,3,10
2167,0,0,5,5
2168,1,1,5,4
2169,0,0,1,6
2170,0,0,4,9
2171,0,0,3,6
2172,0,0,4,3
2173,0,0,3,9
2174,0,0,4,4
2175,0,0,3,7
2176,0,0,4,9
2177,0,2,4,7
2178,0,0,5,2
2179,0,0,4,7
2180,0,0,3,1
2181,0,0,5,3
2182,0,1,3,7
2183,0,1,3,8
2184,0,0,2,7
2185,0,2,4,6
2186,0,0,3,0
2187,2,0,4,8
2188,0,0,5,8
2189,0,0,4,8
2190,0,1,3,7
2191,0,0,5,9
2192,0,0,5,8
2193,0,0,5,4
2194,2,2,2,3
2195,0,1,3,0
2196,0,0,3,4
2197,0,1,4,8
2198,0,1,5,6
2199,0,0,4,7
2200,0,1,3,8
2201,0,0,4,5
2202,0,0,5,9
2203,1,1,4,8
2204,0,0,3,7
2205,0,1,4,7
2206,0,0,4,5
2207,2,1,5,8
2208,0,0,5,3
2209,0,0,5,3
2210,0,1,5,7
2211,0,0,4,4
2212,0,0,4,6
2213,0,0,1,7
2214,0,1,4,7
2215,0,0,4,9
2216,0,0,5,6
2217,0,1,4,6
2218,0,0,4,8
2219,0,0,4,8
2220,0,0,5,3
2221,0,1,4,3
2222,0,0,5,7
2223,0,0,4,6
2224,0,1,2,6
2225,0,0,4,4
2226,0,0,2,9
2227,0,0,3,4
2228,0,1,4,5
2229,3,0,5,4
2230,0,0,4,8
2231,0,1,5,4
2232,0,0,3,8
2233,1,0,4,9
2234,0,1,4,6
2235,0,0,4,5
2236,1,1,5,3
2237,0,1,4,2
2238,0,2,4,7
2239,0,0,3,2
2240,1,2,5,10
2241,0,0,4,4
2242,1,0,3,10
2243,0,0,5,8
2244,0,1,5,5
2245,0,1,4,6
2246,0,1,4,10
2247,0,0,5,4
2248,0,0,4,6
2249,0,1,1,7
2250,0,1,4,7
2251,0,1,5,6
2252,0,0,3,4
2253,1,0,3,8
2254,0,0,3,5
2255,0,0,4,9
2256,0,1,3,5
2257,0,0,5,5
2258,0,0,2,8
2259,0,0,4,5
2260,0,0,5,7
2261,0,1,4,8
2262,0,0,4,5
2263,0,2,5,3
2264,0,2,2,7
2265,0,1,4,8
2266,0,0,5,8
2267,0,2,4,5
2268,0,0,3,4
2269,0,1,2,6
2270,1,0,5,8
2271,0,1,5,6
2272,0,0,4,7
2273,0,1,1,5
2274,0,0,1,7
2275,0,0,3,0
2276,0,0,1,6
2277,0,0,4,3
2278,1,0,3,6
2279,0,0,3,8
2280,0,1,4,5
2281,0,0,3,7
2282,0,0,4,4
2283,0,2,2,7
2284,0,2,3,8
2285,0,1,2,4
2286,1,1,5,5
2287,0,0,3,5
2288,2,0,5,5
2289,0,0,2,2
2290,0,1,5,10
2291,0,0,4,9
2292,0,0,5,7
2293,0,0,4,8
2294,0,3,3,3
2295,0,1,2,8
2296,0,3,3,8
2297,0,0,4,2
2298,0,1,4,8
2299,0,0,4,3
2300,0,1,4,8
2301,0,1,2,7
2302,0,0,5,4
2303,0,1,5,8
2304,0,0,4,6
2305,0,0,5,9
2306,0,0,3,5
2307,0,0,4,5
2308,0,1,2,6
2309,0,0,4,4
2310,0,0,5,4
2311,1,2,3,6
2312,0,0,3,7
2313,0,0,5,6
2314,0,0,4,8
2315,1,1,3,9
2316,0,0,3,8
2317,0,0,4,4
2318,1,2,4,6
2319,0,2,5,5
2320,0,0,4,4
2321,2,0,4,10
2322,0,0,4,2
2323,0,1,5,2
2324,0,1,2,9
2325,0,1,4,5
2326,1,0,5,5
2327,0,0,1,7
2328,0,0,5,4
2329,0,0,3,5
2330,0,0,5,2
2331,0,0,4,7
2332,0,0,4,6
2333,0,0,5,4
2334,0,0,3,7
2335,0,1,4,4
2336,0,1,2,7
2337,0,0,3,6
2338,1,1,4,10
2339,0,0,3,2
2340,0,0,2,1
2341,0,0,4,4
2342,0,0,3,9
2343,0,0,5,10
2344,0,1,5,8
2345,0,0,5,8
2346,0,1,5,3
2347,0,2,3,5
2348,0,0,4,7
2349,0,0,3,6
2350,0,0,3,5
2351,0,0,3,5
2352,0,0,3,1
2353,1,1,4,4
2354,0,1,2,7
2355,0,1,2,3
2356,0,0,4,3
2357,1,1,4,7
2358,0,0,5,3
2359,0,0,4,4
2360,1,1,4,2
2361,0,0,5,7
2362,0,0,4,8
2363,0,1,3,7
2364,0,2,4,5
2365,1,0,5,7
2366,0,0,5,6
2367,0,0,4,3
2368,0,0,5,4
2369,1,0,2,1
2370,0,0,5,1
2371,0,0,4,3
2372,0,1,3,7
2373,0,0,5,5
2374,0,0,5,6
2375,0,0,5,8
2376,0,0,5,3
2377,0,3,5,6
2378,0,0,2,9
2379,0,0,5,8
2380,0,2,4,5
2381,0,0,3,5
2382,0,0,2,6
2383,0,0,5,7
2384,0,1,4,7
2385,0,0,4,3
2386,0,0,4,7
2387,0,1,5,6
2388,0,0,5,0
2389,0,0,4,5
2390,0,0,5,7
2391,0,0,5,8
2392,0,0,4,5
2393,0,1,4,1
2394,0,2,4,7
2395,1,0,3,0
2396,0,0,1,10
2397,0,0,4,3
2398,1,1,4,6
2399,1,0,4,3
2400,0,6,4,6
2401,0,0,5,7
2402,0,0,4,10
2403,0,0,4,4
2404,0,0,1,6
2405,0,0,4,5
2406,0,1,4,3
2407,0,0,5,8
2408,0,2,3,0
2409,0,1,4,5
2410,1,0,4,2
2411,0,0,5,0
2412,0,0,5,7
2413,0,0,2,8
2414,0,1,3,6
2415,0,0,5,7
2416,0,0,5,8
2417,1,0,5,6
2418,1,0,4,6
2419,0,2,5,3
2420,0,0,5,7
2421,0,1,5,4
2422,0,1,4,7
2423,0,0,4,8
2424,0,1,4,6
2425,0,0,2,7
2426,0,1,5,4
2427,0,1,3,9
2428,0,0,3,7
2429,0,0,4,6
2430,0,2,4,6
2431,0,1,4,7
2432,0,1,4,7
2433,0,0,2,7
2434,0,0,5,7
2435,0,1,1,8
2436,1,1,4,4
2437,0,0,5,8
2438,1,2,1,8
2439,0,1,4,3
2440,0,0,5,6
2441,0,0,2,7
2442,0,1,4,2
2443,0,0,5,9
2444,0,0,5,5
2445,0,0,2,5
2446,0,0,4,8
2447,0,0,5,7
2448,0,1,5,10
2449,0,0,4,5
2450,0,0,1,6
2451,1,1,4,8
2452,0,0,5,8
2453,1,1,4,2
2454,0,1,3,3
2455,1,1,5,6
2456,0,0,4,7
2457,0,0,4,9
2458,0,0,5,5
2459,0,0,5,7
2460,1,0,4,7
2461,0,1,3,5
2462,0,0,1,9
2463,1,1,4,4
2464,0,0,2,0
2465,0,1,3,7
2466,0,1,5,7
2467,1,2,2,7
2468,0,0,5,5
2469,0,0,3,8
2470,1,0,5,3
2471,0,0,3,1
2472,0,0,4,5
2473,0,0,4,6
2474,0,1,1,9
2475,0,0,5,4
2476,0,0,3,8
2477,0,0,3,7
2478,0,0,4,8
2479,0,1,1,6
2480,0,1,5,1
2481,0,0,3,4
2482,0,1,4,5
2483,0,0,3,2
2484,0,0,4,3
2485,0,0,1,3
2486,0,1,3,3
2487,0,1,4,7
2488,0,0,3,5
2489,1,1,1,8
2490,0,0,5,7
2491,0,1,5,3
2492,0,0,1,6
2493,0,0,5,6
2494,0,0,3,6
2495,0,0,1,9
2496,0,0,4,5
2497,1,0,5,6
2498,0,0,3,5
2499,1,3,3,9
2500,0,0,5,4
2501,0,1,3,5
2502,0,2,1,6
2503,0,0,5,5
2504,0,0,1,8
2505,0,0,3,9
2506,0,1,3,6
2507,0,0,4,5
2508,0,0,3,7
2509,1,0,4,6
2510,0,0,5,7
2511,0,1,4,7
2512,0,0,4,8
2513,1,0,3,7
2514,0,0,5,7
2515,0,0,4,10
2516,0,0,1,5
2517,0,0,4,6
2518,0,0,5,5
2519,0,0,4,9
2520,0,1,4,9
2521,0,0,3,2
2522,0,1,3,7
2523,0,0,1,9
2524,0,0,4,8
2525,0,1,4,7
2526,0,0,2,5
2527,0,0,3,6
2528,0,1,4,1
2529,0,1,5,4
2530,0,1,4,9
2531,0,0,3,6
2532,0,0,4,3
2533,0,2,4,7
2534,0,1,4,3
2535,0,1,4,6
2536,0,0,4,8
2537,3,1,4,7
2538,0,0,3,7
2539,1,0,4,8
2540,0,1,3,8
2541,0,0,4,7
2542,0,1,5,8
2543,0,0,4,5
2544,0,0,4,7
2545,0,3,5,3
2546,0,0,3,6
2547,0,0,4,9
2548,0,0,4,6
2549,1,0,5,5
2550,0,0,4,7
2551,0,1,5,3
2552,0,1,4,4
2553,0,0,1,5
2554,0,0,5,5
2555,0,0,4,6
2556,0,1,4,8
2557,0,0,5,5
2558,0,0,3,6
2559,0,0,5,5
2560,0,0,5,5
2561,0,1,4,5
2562,1,1,4,1
2563,1,0,5,7
2564,0,0,4,0
2565,1,0,4,5
2566,0,0,4,5
2567,0,0,2,10
2568,0,0,4,7
2569,0,0,3,3
2570,1,0,5,9
2571,0,1,5,4
2572,0,0,4,8
2573,0,0,3,10
2574,0,0,4,10
2575,0,0,1,8
2576,1,0,4,10
2577,0,0,4,4
2578,0,1,3,8
2579,2,0,5,7
2580,0,0,4,8
2581,0,1,4,4
2582,1,0,1,9
2583,0,1,1,3
2584,0,0,2,3
2585,1,2,4,9
2586,0,2,4,8
2587,0,0,4,7
2588,0,1,1,8
2589,0,0,4,0
2590,0,0,4,8
2591,0,0,4,2
2592,0,0,5,6
2593,0,0,1,1
2594,1,1,5,8
2595,0,1,4,5
2596,0,3,4,6
2597,0,1,5,10
2598,0,0,5,8
2599,0,0,1,3
2600,0,1,4,10
2601,0,1,5,6
2602,0,2,3,8
2603,0,0,5,3
2604,0,0,4,3
2605,0,0,5,5
2606,0,1,5,1
2607,0,0,3,7
2608,0,0,5,4
2609,0,0,5,9
2610,1,0,4,10
2611,0,2,5,9
2612,0,0,2,5
2613,0,0,2,6
2614,0,1,5,5
2615,0,0,3,5
2616,0,0,5,8
2617,0,0,2,5
2618,0,1,3,9
2619,0,1,5,2
2620,0,0,5,6
2621,1,0,4,0
2622,0,2,5,5
2623,0,1,4,5
2624,0,1,5,8
2625,0,0,3,6
2626,0,2,5,5
2627,0,0,4,7
2628,0,0,5,1
2629,0,0,3,8
2630,0,0,2,5
2631,0,0,4,6
2632,1,1,1,9
2633,0,1,1,9
2634,1,1,5,8
2635,0,0,5,6
2636,0,0,1,7
2637,0,1,1,3
2638,0,1,4,9
2639,0,0,2,3
2640,0,0,4,8
2641,0,0,5,9
2642,1,0,5,2
2643,0,0,4,8
2644,0,1,4,6
2645,0,1,4,7
2646,0,1,4,6
2647,0,0,5,8
2648,0,1,5,8
2649,0,0,5,1
2650,0,0,5,6
2651,0,1,5,1
2652,0,0,5,5
2653,0,2,4,9
2654,0,0,5,3
2655,0,0,5,6
2656,0,0,2,9
2657,0,0,2,9
2658,0,1,3,5
2659,0,0,5,8
2660,0,2,5,3
2661,1,0,4,6
2662,0,0,5,7
2663,0,0,5,6
2664,1,1,3,6
2665,0,0,3,7
2666,0,1,4,0
2667,0,1,4,3
2668,0,2,5,4
2669,0,0,2,8
2670,0,1,4,4
2671,0,0,4,6
2672,0,1,2,2
2673,0,0,4,6
2674,0,0,5,7
2675,0,0,2,5
2676,0,0,3,2
2677,0,0,3,6
2678,1,0,4,4
2679,1,0,4,5
2680,0,0,4,8
2681,0,0,5,6
2682,1,3,5,3
2683,1,0,5,2
2684,0,0,4,5
2685,0,0,4,9
2686,0,1,2,8
2687,0,0,4,4
2688,0,0,3,2
2689,0,1,4,7
2690,0,1,5,9
2691,1,0,4,8
2692,0,0,1,4
2693,0,0,2,7
2694,0,1,1,3
2695,0,0,4,6
2696,0,0,1,7
2697,0,0,4,7
2698,0,0,2,7
2699,0,1,4,6
2700,1,0,4,5
2701,0,1,5,7
2702,0,0,2,5
2703,0,0,5,8
2704,0,1,4,7
2705,0,0,5,6
2706,0,0,5,8
2707,0,0,3,7
2708,0,0,5,1
2709,0,0,4,7
2710,0,0,3,3
2711,0,2,5,7
2712,0,1,4,6
2713,0,0,5,5
2714,0,0,3,9
2715,1,0,5,5
2716,1,1,5,8
2717,0,0,5,8
2718,0,2,4,5
2719,0,0,3,2
2720,0,0,4,5
2721,0,0,2,8
2722,0,0,2,4
2723,0,1,4,7
2724,0,1,5,5
2725,1,1,5,7
2726,0,0,4,8
2727,0,1,5,9
2728,0,1,5,4
2729,0,1,4,6
2730,1,1,2,7
2731,1,1,4,2
2732,0,3,3,8
2733,0,2,1,6
2734,0,0,5,6
2735,0,0,3,10
2736,0,0,4,5
2737,0,1,4,6
2738,1,0,4,10
2739,0,0,4,7
2740,1,1,2,6
2741,0,0,1,7
2742,0,0,5,1
2743,0,1,5,6
2744,0,0,1,3
2745,1,1,2,6
2746,0,0,2,5
2747,0,0,3,7
2748,0,1,4,9
2749,0,0,1,5
2750,0,0,4,9
2751,1,1,4,2
2752,0,0,2,4
2753,0,0,4,3
2754,0,1,4,7
2755,0,0,2,6
2756,0,0,4,3
2757,0,0,3,9
2758,0,0,4,4
2759,2,0,4,4
2760,0,0,1,9
2761,0,0,5,6
2762,0,0,4,8
2763,0,0,2,7
2764,0,0,3,9
2765,0,1,1,10
2766,1,1,4,2
2767,0,1,5,5
2768,0,2,4,6
2769,0,0,4,8
2770,0,1,4,6
2771,0,0,4,3
2772,0,1,4,8
2773,0,0,1,3
2774,0,1,5,6
2775,0,0,5,6
2776,0,2,5,6
2777,1,1,5,3
2778,0,0,4,3
2779,0,1,5,7
2780,0,1,4,5
2781,1,0,5,5
2782,0,0,3,6
2783,0,0,4,5
2784,0,0,4,10
2785,0,0,5,7
2786,0,0,3,8
2787,1,1,5,9
2788,0,1,5,2
2789,1,0,4,6
2790,0,0,2,7
2791,0,0,4,8
2792,0,1,4,10
2793,0,0,4,7
2794,1,1,5,9
2795,0,0,3,10
2796,0,0,2,7
2797,0,0,3,7
2798,0,0,2,10
2799,0,0,5,8
2800,0,1,4,8
2801,0,1,4,2
2802,0,1,3,10
2803,0,0,4,6
2804,0,0,5,9
2805,0,0,1,8
2806,0,0,2,7
2807,0,0,3,7
2808,0,0,5,10
2809,0,0,3,0
2810,0,0,5,6
2811,0,0,2,7
2812,0,0,4,2
2813,0,1,3,5
2814,0,0,5,7
2815,0,0,3,1
2816,0,0,5,9
2817,0,0,3,6
2818,0,0,4,4
2819,0,0,3,6
2820,0,0,2,2
2821,0,3,3,5
2822,0,3,3,10
2823,0,0,4,6
2824,2,1,4,2
2825,0,0,4,8
2826,1,0,5,2
2827,0,0,5,6
2828,1,0,5,9
2829,0,0,2,1
2830,0,1,3,9
2831,0,1,3,5
2832,0,0,4,1
2833,0,0,4,6
2834,0,1,5,8
2835,0,0,4,5
2836,0,1,5,6
2837,0,1,4,9
2838,0,0,3,7
2839,0,0,5,9
2840,0,0,5,10
2841,0,1,4,0
2842,0,0,4,6
2843,0,0,4,2
2844,0,0,1,7
2845,0,1,2,2
2846,1,0,2,3
2847,0,0,3,7
2848,0,0,5,2
2849,0,1,4,9
2850,0,0,3,2
2851,1,0,4,7
2852,0,0,3,9
2853,0,0,3,8
2854,0,0,4,7
2855,0,0,3,9
2856,0,0,4,9
2857,0,0,5,5
2858,0,0,2,9
2859,0,0,3,6
2860,0,0,4,10
2861,0,0,2,8
2862,0,1,4,5
2863,0,0,5,7
2864,0,1,3,5
2865,0,0,5,8
2866,0,0,4,10
2867,0,0,4,7
2868,0,1,4,0
2869,0,0,5,5
2870,0,0,5,6
2871,0,0,5,9
2872,0,2,3,8
2873,0,0,4,3
2874,0,0,5,5
2875,0,0,4,5
2876,0,1,5,6
2877,0,0,4,7
2878,0,0,5,8
2879,1,0,3,6
2880,0,1,4,10
2881,0,1,4,7
2882,0,1,2,6
2883,0,0,5,4
2884,0,3,3,9
2885,1,1,1,8
2886,0,0,4,2
2887,0,0,3,6
2888,0,0,4,7
2889,0,0,5,9
2890,0,1,5,3
2891,0,0,2,10
2892,0,0,1,8
2893,0,1,5,6
2894,1,1,5,6
2895,0,0,3,4
2896,0,1,5,4
2897,0,1,3,6
2898,2,0,5,7
2899,0,0,2,4
2900,0,0,3,6
2901,0,1,4,5
2902,1,1,4,8
2903,0,0,5,7
2904,0,0,5,2
2905,0,0,4,7
2906,0,1,4,10
2907,0,1,4,3
2908,0,0,1,5
2909,0,0,4,4
2910,0,0,4,2
2911,0,0,5,4
2912,1,1,5,7
2913,0,1,3,5
2914,0,0,5,8
2915,0,1,3,6
2916,0,1,4,4
2917,0,0,4,8
2918,0,0,4,7
2919,0,0,4,6
2920,0,0,5,6
2921,0,1,4,3
2922,0,0,5,1
2923,0,1,3,8
2924,0,0,5,5
2925,0,0,4,6
2926,0,0,4,7
2927,0,0,5,4
2928,0,1,4,5
2929,0,0,4,6
2930,0,0,4,4
2931,0,0,4,8
2932,0,0,2,6
2933,1,0,4,5
2934,0,0,2,5
2935,0,1,4,6
2936,0,0,2,6
2937,0,0,5,5
2938,0,0,3,5
2939,0,1,4,5
2940,0,0,4,6
2941,0,0,3,6
2942,0,1,4,4
2943,0,1,5,7
2944,0,0,5,9
2945,1,2,3,6
2946,0,0,4,8
2947,0,2,4,6
2948,0,0,5,5
2949,0,1,2,5
2950,0,0,3,8
2951,0,1,3,5
2952,1,0,5,3
2953,1,0,2,6
2954,0,2,4,10
2955,0,1,5,7
2956,1,0,5,8
2957,0,0,4,7
2958,0,2,5,7
2959,0,0,3,8
2960,0,0,4,5
2961,0,0,5,7
2962,0,1,4,7
2963,1,0,4,9
2964,0,1,5,2
2965,0,1,3,6
2966,0,0,5,3
2967,0,0,2,3
2968,0,0,5,9
2969,0,0,3,2
2970,1,0,3,6
2971,0,0,4,3
2972,0,0,2,3
2973,0,1,2,7
2974,0,0,5,6
2975,0,1,4,6
2976,0,1,1,7
2977,0,0,4,4
2978,0,0,4,5
2979,0,2,5,10
2980,0,0,5,2
2981,0,0,5,8
2982,0,0,5,9
2983,0,1,3,9
2984,2,0,3,5
2985,0,0,5,9
2986,0,0,2,5
2987,0,0,2,5
2988,0,1,4,8
2989,0,0,4,7
2990,0,0,4,6
2991,0,0,5,6
2992,0,0,4,6
2993,0,2,2,5
2994,0,0,3,6
2995,0,0,5,5
2996,0,2,5,4
2997,0,0,4,8
2998,0,0,4,9
2999,2,0,5,7
3000,0,0,5,9
3001,0,0,2,5
3002,0,0,4,3
3003,0,0,4,5
3004,0,0,2,4
3005,1,1,4,5
3006,0,1,3,3
3007,0,0,3,7
3008,0,2,3,9
3009,0,0,4,7
3010,0,0,3,7
3011,0,0,4,4
3012,0,0,4,6
3013,0,0,2,5
3014,0,0,5,4
3015,0,0,4,4
3016,0,0,1,6
3017,0,0,3,7
3018,0,1,5,3
3019,0,0,5,5
3020,0,0,5,6
3021,0,0,5,6
3022,0,0,5,5
3023,0,1,4,7
3024,0,0,3,5
3025,0,2,5,0
3026,0,0,2,8
3027,0,0,2,6
3028,0,0,4,10
3029,0,0,3,3
3030,0,0,4,6
3031,0,1,1,7
3032,0,0,2,6
3033,0,0,3,5
3034,0,0,5,9
3035,0,1,2,6
3036,0,0,4,8
3037,0,0,5,8
3038,0,0,3,6
3039,0,0,2,7
3040,0,0,4,3
3041,0,0,2,10
3042,0,0,2,7
3043,0,0,3,3
3044,0,0,3,8
3045,1,0,4,8
3046,0,0,4,5
3047,0,3,5,3
3048,0,0,5,5
3049,0,0,3,7
3050,1,2,5,9
3051,0,0,5,5
3052,0,0,4,5
3053,0,1,5,10
3054,0,0,5,8
3055,0,2,3,6
3056,0,1,5,6
3057,1,1,5,7
3058,0,1,4,8
3059,0,1,3,3
3060,0,1,4,9
3061,0,0,5,4
3062,0,1,4,7
3063,0,0,3,3
3064,0,0,5,3
3065,0,0,4,4
3066,0,0,4,1
3067,0,0,3,9
3068,0,0,3,3
3069,1,0,4,8
3070,0,0,1,8
3071,1,0,4,7
3072,1,1,3,9
3073,0,0,4,10
3074,0,0,5,2
3075,0,0,5,9
3076,1,2,4,0
3077,0,0,4,7
3078,0,1,2,6
3079,1,2,3,1
3080,0,0,4,6
3081,0,1,4,5
3082,0,1,4,5
3083,0,0,4,4
3084,0,1,5,8
3085,1,0,5,4
3086,0,0,3,5
3087,0,1,4,8
3088,0,0,3,6
3089,0,0,1,9
3090,0,0,5,8
3091,0,3,2,2
3092,0,0,3,7
3093,0,0,5,4
3094,0,2,5,3
3095,0,1,4,6
3096,2,2,2,8
3097,0,0,5,9
3098,0,0,1,8
3099,0,0,5,10
3100,0,0,1,3
3101,0,2,4,5
3102,0,0,3,3
3103,0,1,4,6
3104,0,1,5,7
3105,0,0,4,9
3106,0,1,5,0
3107,0,0,3,9
3108,0,0,3,9
3109,1,0,4,6
3110,0,1,1,5
3111,0,0,2,5
3112,0,1,5,9
3113,0,0,2,6
3114,0,0,5,7
3115,0,0,4,10
3116,0,0,5,7
3117,1,0,4,5
3118,0,0,4,9
3119,0,0,4,9
3120,0,0,1,8
3121,0,0,5,10
3122,0,0,4,8
3123,0,0,5,4
3124,0,0,5,9
3125,0,0,3,5
3126,0,1,3,10
3127,0,0,4,7
3128,0,0,5,8
3129,1,0,3,8
3130,0,0,4,9
3131,0,0,4,0
3132,0,0,3,4
3133,0,1,1,4
3134,0,0,4,3
3135,0,0,3,9
3136,0,1,5,6
3137,0,0,5,5
3138,0,0,5,1
3139,0,1,4,6
3140,0,2,3,7
3141,0,1,5,7
3142,0,1,4,6
3143,0,0,5,9
3144,1,0,4,7
3145,0,0,5,1
3146,0,0,4,6
3147,0,0,1,8
3148,0,0,5,10
3149,0,0,4,1
3150,0,0,3,4
3151,0,0,4,2
3152,0,1,4,5
3153,0,0,3,9
3154,0,1,5,6
3155,0,1,3,9
3156,1,0,3,4
3157,0,0,4,9
3158,0,0,5,3
3159,0,1,4,7
3160,0,1,3,5
3161,0,0,3,8
3162,0,0,4,5
3163,0,0,1,8
3164,0,0,4,5
3165,0,0,5,3
3166,0,0,5,9
3167,0,1,3,3
3168,0,0,5,7
3169,0,0,3,6
3170,0,1,3,8
3171,0,0,4,7
3172,0,1,2,7
3173,0,0,3,6
3174,1,0,4,7
3175,0,3,5,5
3176,0,0,4,6
3177,0,0,3,3
3178,0,1,2,3
3179,0,0,3,10
3180,0,0,3,8
3181,0,1,4,8
3182,0,1,5,2
3183,0,0,1,5
3184,0,1,4,3
3185,1,1,2,6
3186,1,1,5,7
3187,0,0,5,6
3188,0,1,1,9
3189,0,0,5,7
3190,0,1,4,5
3191,0,3,4,5
3192,0,0,4,6
3193,0,2,5,8
3194,0,0,3,9
3195,0,0,1,2
3196,0,0,5,5
3197,0,0,4,7
3198,0,0,3,8
3199,0,0,5,4
3200,0,0,5,7
3201,0,0,1,5
3202,0,0,4,5
3203,0,0,4,7
3204,0,0,2,2
3205,0,1,3,4
3206,0,0,5,5
3207,0,0,3,5
3208,0,1,4,5
3209,0,3,3,9
3210,0,1,3,6
3211,0,0,4,7
3212,0,0,5,10
3213,0,0,4,8
3214,0,0,4,5
3215,0,1,5,5
3216,0,1,4,5
3217,0,0,5,5
3218,0,0,1,6
3219,0,1,2,2
3220,0,0,4,4
3221,0,0,5,6
3222,0,0,5,7
3223,0,0,4,4
3224,0,0,3,4
3225,0,0,3,5
3226,0,0,3,7
3227,0,0,4,8
3228,0,1,4,7
3229,0,0,1,2
3230,0,1,3,2
3231,0,0,5,5
3232,0,0,4,6
3233,1,2,4,6
3234,0,2,4,6
3235,1,0,2,3
3236,0,2,2,5
3237,0,0,3,9
3238,0,0,4,7
3239,0,1,5,9
3240,0,0,3,6
3241,0,0,3,7
3242,1,1,4,1
3243,0,0,5,6
3244,0,1,4,9
3245,0,0,4,4
3246,1,0,4,4
3247,0,1,5,8
3248,0,0,2,6
3249,0,3,5,2
3250,0,0,4,8
3251,0,0,2,6
3252,0,0,4,8
3253,0,1,4,5
3254,1,0,3,9
3255,1,1,3,8
3256,0,0,3,6
3257,1,0,4,10
3258,0,1,5,6
3259,0,0,4,9
3260,1,0,5,5
3261,0,0,4,8
3262,0,3,3,7
3263,0,1,4,7
3264,0,0,1,5
3265,0,0,4,6
3266,0,1,1,5
3267,0,0,5,6
3268,0,0,4,6
3269,0,0,5,10
3270,0,0,4,2
3271,0,0,4,9
3272,0,0,3,2
3273,0,0,4,6
3274,0,1,5,4
3275,0,0,1,7
3276,0,0,5,7
3277,0,1,5,4
3278,0,1,3,6
3279,0,0,4,5
3280,0,0,3,5
3281,0,1,5,2
3282,0,0,3,4
3283,1,0,4,5
3284,0,0,4,5
3285,0,0,5,5
3286,1,0,5,9
3287,1,1,4,0
3288,0,0,5,5
3289,1,1,5,6
3290,1,0,4,7
3291,0,0,2,10
3292,0,1,2,6
3293,0,0,4,2
3294,1,1,2,5
3295,1,0,3,8
3296,1,0,3,8
3297,0,0,4,8
3298,0,0,5,6
3299,0,0,2,7
3300,0,0,3,5
3301,0,3,3,5
3302,0,0,3,5
3303,1,0,5,6
3304,0,1,5,8
3305,0,1,4,2
3306,0,0,5,9
3307,1,1,4,9
3308,0,0,3,6
3309,0,0,4,7
3310,0,1,2,8
3311,1,0,5,8
3312,1,1,5,7
3313,0,0,3,10
3314,0,0,5,9
3315,1,0,3,1
3316,0,1,4,7
3317,0,1,4,1
3318,0,1,4,6
3319,0,1,2,2
3320,0,1,4,6
3321,0,1,5,5
3322,0,1,4,9
3323,0,0,4,9
3324,0,0,4,5
3325,0,0,5,7
3326,0,1,5,5
3327,0,1,5,5
3328,0,1,3,2
3329,0,2,2,8
3330,0,0,5,1
3331,0,0,5,5
3332,0,1,2,5
3333,0,1,3,6
3334,0,0,3,4
3335,0,1,4,5
3336,0,0,5,5
3337,0,0,3,3
3338,0,0,3,5
3339,0,0,3,8
3340,0,0,4,9
3341,0,2,3,5
3342,0,2,5,4
3343,0,1,4,10
3344,0,0,3,7
3345,0,0,2,8
3346,0,0,4,4
3347,0,0,5,6
3348,1,1,4,7
3349,0,0,4,4
3350,0,0,4,5
3351,1,3,5,9
3352,0,0,5,2
3353,0,0,5,7
3354,0,1,5,6
3355,0,0,4,7
3356,0,1,4,5
3357,0,0,1,0
3358,0,1,4,0
3359,0,2,1,9
3360,1,0,5,8
3361,0,0,1,7
3362,0,1,1,3
3363,0,0,1,7
3364,0,1,4,5
3365,0,0,4,4
3366,0,1,5,4
3367,1,1,4,4
3368,0,1,5,7
3369,0,1,4,7
3370,1,1,3,3
3371,0,1,5,7
3372,0,0,5,5
3373,0,0,4,6
3374,0,0,5,4
3375,0,0,5,5
3376,0,0,3,9
3377,0,0,2,5
3378,0,1,4,8
3379,0,0,3,3
3380,0,0,4,5
3381,1,1,3,7
3382,0,0,5,2
3383,0,0,3,6
3384,0,1,5,8
3385,0,0,3,3
3386,0,1,2,0
3387,0,0,5,8
3388,0,0,4,3
3389,0,0,5,7
3390,0,0,5,7
3391,0,0,5,8
3392,0,1,5,6
3393,0,0,4,5
3394,0,0,3,10
3395,0,0,4,1
3396,0,1,5,7
3397,0,1,5,7
3398,0,0,4,3
3399,0,0,3,5
3400,0,1,5,3
3401,0,1,3,5
3402,0,0,4,10
3403,0,1,4,6
3404,0,0,1,7
3405,0,0,4,8
3406,0,0,5,5
3407,1,0,4,8
3408,0,1,5,10
3409,0,2,5,6
3410,0,0,2,7
3411,0,1,1,5
3412,0,0,5,3
3413,0,1,3,7
3414,0,1,3,4
3415,0,1,4,6
3416,0,0,4,6
3417,1,0,3,0
3418,1,0,2,6
3419,0,0,4,5
3420,0,0,5,4
3421,0,0,5,1
3422,0,0,4,3
3423,0,0,4,8
3424,0,0,5,3
3425,0,1,3,8
3426,1,0,5,4
3427,0,1,3,6
3428,0,0,4,7
3429,0,0,5,8
3430,0,1,4,2
3431,0,1,4,7
3432,0,3,5,7
3433,0,1,4,9
3434,0,1,5,5
3435,0,1,3,7
3436,0,0,5,8
3437,0,1,5,8
3438,0,1,4,5
3439,1,0,4,5
3440,0,0,4,8
3441,0,0,4,7
3442,0,2,4,2
3443,0,0,3,5
3444,0,1,3,7
3445,0,0,3,5
3446,0,0,3,7
3447,1,0,5,10
3448,1,0,3,9
3449,0,0,4,4
3450,0,0,2,3
3451,0,0,4,7
3452,0,0,4,1
3453,0,1,4,5
3454,0,0,4,4
3455,0,0,2,0
3456,1,1,5,8
3457,0,0,5,8
3458,0,0,3,4
3459,0,0,4,6
3460,0,0,4,7
3461,0,0,2,5
3462,0,0,2,9
3463,0,0,4,7
3464,0,0,5,5
3465,0,1,1,8
3466,1,0,3,3
3467,0,1,5,3
3468,0,0,3,10
3469,0,0,3,8
3470,0,1,4,9
3471,0,0,5,10
3472,0,0,3,7
3473,0,1,4,6
3474,0,0,3,10
3475,0,1,3,7
3476,0,0,4,10
3477,0,0,3,5
3478,1,0,4,9
3479,0,0,3,6
3480,0,0,4,4
3481,0,0,4,8
3482,0,0,5,3
3483,0,0,4,10
3484,1,0,5,10
3485,0,1,5,8
3486,0,0,3,4
3487,0,0,2,6
3488,0,1,5,7
3489,0,0,2,8
3490,0,1,3,5
3491,0,0,4,9
3492,1,0,4,9
3493,0,1,5,5
3494,0,0,3,5
3495,0,1,3,0
3496,0,0,4,9
3497,0,0,5,9
3498,0,1,2,4
3499,0,0,3,10
3500,0,0,2,10
3501,0,0,5,6
3502,0,1,3,3
3503,0,0,2,8
3504,0,0,4,6
3505,0,0,4,0
3506,0,0,5,8
3507,0,0,1,8
3508,0,0,5,5
3509,0,1,2,7
3510,1,1,5,9
3511,0,1,3,7
3512,0,0,3,3
3513,0,0,2,4
3514,0,0,4,7
3515,0,2,3,5
3516,0,0,2,5
3517,0,0,3,10
3518,0,0,1,5
3519,1,2,5,6
3520,0,1,4,6
3521,0,0,4,4
3522,0,0,4,8
3523,0,0,3,5
3524,0,1,5,5
3525,0,0,2,8
3526,1,1,4,8
3527,0,0,5,6
3528,0,1,4,8
3529,0,1,4,10
3530,0,1,4,6
3531,0,2,5,4
3532,0,1,4,8
3533,0,0,3,8
3534,0,1,4,8
3535,0,0,5,4
3536,0,2,4,7
3537,1,0,3,5
3538,0,0,4,9
3539,0,2,2,4
3540,0,0,5,7
3541,0,0,3,8
3542,0,0,2,2
3543,0,1,4,9
3544,0,0,3,6
3545,0,0,2,9
3546,0,1,3,8
3547,0,0,3,0
3548,0,0,4,8
3549,0,0,5,5
3550,0,0,5,6
3551,1,1,1,7
3552,0,0,3,5
3553,0,0,4,7
3554,0,0,4,4
3555,0,0,5,7
3556,0,0,2,8
3557,0,0,5,7
3558,0,1,4,8
3559,0,0,4,8
3560,0,0,4,5
3561,0,2,5,2
3562,0,0,2,5
3563,0,0,3,8
3564,1,0,4,7
3565,0,1,4,10
3566,0,0,2,1
3567,0,1,3,8
3568,0,1,2,5
3569,0,0,4,9
3570,0,1,5,9
3571,0,1,5,9
3572,0,0,4,6
3573,0,1,3,9
3574,0,1,1,4
3575,0,0,4,8
3576,0,1,1,4
3577,0,0,5,4
3578,0,0,4,9
3579,1,0,5,7
3580,0,1,3,8
3581,0,0,4,7
3582,0,0,5,2
3583,0,0,3,3
3584,0,1,4,6
3585,0,0,5,5
3586,0,1,4,6
3587,0,0,4,4
3588,0,0,4,9
3589,0,1,4,7
3590,0,0,4,9
3591,0,0,2,6
3592,0,0,4,9
3593,0,1,4,7
3594,0,0,5,2
3595,1,2,3,6
3596,0,0,3,8
3597,0,0,1,5
3598,0,0,4,9
3599,0,1,3,2
3600,0,1,4,6
3601,0,0,4,6
3602,0,1,4,7
3603,0,0,4,2
3604,0,0,4,8
3605,0,0,4,5
3606,0,0,5,9
3607,1,1,5,0
3608,0,0,2,5
3609,0,0,5,5
3610,0,0,3,6
3611,0,0,5,4
3612,0,1,5,1
3613,1,0,4,4
3614,0,0,2,5
3615,0,0,3,10
3616,0,0,5,5
3617,0,0,4,2
3618,0,2,4,6
3619,0,0,5,9
3620,0,0,3,7
3621,0,0,4,6
3622,0,1,4,9
3623,0,0,1,5
3624,0,0,4,9
3625,0,0,4,6
3626,0,0,4,9
3627,0,0,5,7
3628,0,0,5,7
3629,1,0,3,9
3630,1,1,3,10
3631,0,0,5,9
3632,0,2,2,3
3633,0,1,4,4
3634,0,0,4,10
3635,0,2,4,6
3636,0,1,5,4
3637,0,0,3,3
3638,0,0,4,1
3639,0,2,5,5
3640,0,2,5,0
3641,0,0,4,5
3642,0,0,5,7
3643,1,0,4,2
3644,1,1,3,4
3645,0,0,2,9
3646,0,1,3,5
3647,0,0,2,6
3648,0,0,3,2
3649,0,0,3,7
3650,0,2,4,6
3651,0,1,5,7
3652,0,0,4,5
3653,0,0,5,5
3654,0,0,4,7
3655,0,0,1,5
3656,1,0,2,8
3657,0,0,5,7
3658,1,0,3,7
3659,0,2,3,5
3660,0,1,2,5
3661,0,0,5,7
3662,0,1,5,6
3663,0,2,4,7
3664,0,0,4,7
3665,0,0,2,6
3666,0,0,5,5
3667,2,0,4,7
3668,0,0,5,6
3669,0,1,4,0
3670,0,1,1,6
3671,0,1,2,8
3672,0,0,5,7
3673,0,0,4,1
3674,0,0,5,9
3675,0,0,1,8
3676,0,1,5,4
3677,2,0,4,6
3678,0,0,3,3
3679,0,0,1,5
3680,0,0,5,1
3681,0,0,4,7
3682,0,1,4,2
3683,0,0,4,9
3684,0,1,3,5
3685,0,1,5,9
3686,1,0,3,6
3687,0,1,5,4
3688,0,0,4,5
3689,0,0,5,7
3690,0,1,5,3
3691,0,0,3,4
3692,0,1,5,9
3693,0,0,2,4
3694,1,0,2,6
3695,0,0,4,6
3696,0,0,5,0
3697,0,1,4,7
3698,0,1,2,7
3699,0,1,5,4
3700,0,0,4,6
3701,0,0,5,9
3702,1,0,5,10
3703,0,1,2,9
3704,1,0,4,2
3705,0,0,3,10
3706,1,0,4,9
3707,0,2,3,5
3708,0,0,5,5
3709,1,0,3,5
3710,1,0,4,8
3711,0,0,5,10
3712,0,1,2,5
3713,0,0,3,10
3714,1,0,5,10
3715,1,1,4,6
3716,0,0,1,8
3717,0,0,4,6
3718,0,0,4,8
3719,0,1,5,6
3720,0,1,3,7
3721,0,2,2,2
3722,0,1,3,3
3723,0,0,5,3
3724,0,0,4,9
3725,0,0,4,7
3726,0,1,3,6
3727,0,0,2,2
3728,0,1,5,7
3729,0,0,5,4
3730,0,0,5,4
3731,0,1,4,10
3732,1,0,4,8
3733,0,0,4,3
3734,0,0,5,8
3735,0,0,5,7
3736,0,0,5,5
3737,0,1,2,6
3738,0,0,3,5
3739,0,3,4,7
3740,0,1,4,5
3741,0,0,5,5
3742,0,0,4,9
3743,0,0,3,3
3744,0,0,4,6
3745,0,0,4,5
3746,1,0,5,0
3747,0,0,5,4
3748,0,1,5,6
3749,0,0,1,7
3750,0,0,3,8
3751,0,0,5,8
3752,0,2,4,7
3753,0,0,5,6
3754,0,0,4,6
3755,0,1,3,9
3756,1,0,3,9
3757,0,0,4,4
3758,0,0,4,6
3759,0,0,3,8
3760,0,0,3,7
3761,0,0,4,5
3762,0,0,2,6
3763,0,0,5,10
3764,2,0,4,8
3765,1,0,4,7
3766,0,0,2,10
3767,0,0,2,8
3768,0,0,3,4
3769,0,0,5,4
3770,1,0,5,8
3771,1,0,4,2
3772,0,0,5,10
3773,0,0,5,7
3774,0,0,3,3
3775,0,0,5,10
3776,0,2,4,9
3777,0,0,5,0
3778,0,1,1,5
3779,0,0,3,2
3780,0,3,2,3
3781,0,0,3,8
3782,1,2,5,4
3783,0,0,3,5
3784,0,0,4,2
3785,0,0,4,7
3786,0,0,4,6
3787,1,1,4,8
3788,0,0,4,9
3789,0,0,5,3
3790,0,2,5,8
3791,0,0,3,1
3792,0,0,3,8
3793,0,0,3,5
3794,1,1,4,8
3795,0,0,5,9
3796,0,1,4,8
3797,0,0,5,4
3798,0,0,5,5
3799,0,0,5,5
3800,0,1,5,5
3801,0,0,5,6
3802,0,0,5,6
3803,0,1,3,3
3804,0,0,4,0
3805,0,0,3,5
3806,0,0,4,9
3807,0,0,3,8
3808,1,1,5,9
3809,0,1,5,7
3810,0,0,5,8
3811,0,0,5,7
3812,0,0,3,6
3813,2,0,3,4
3814,0,1,4,2
3815,0,0,5,8
3816,0,0,2,9
3817,0,0,4,5
3818,0,1,5,8
3819,0,0,4,9
3820,0,0,2,9
3821,0,2,5,3
3822,0,0,5,5
3823,0,0,3,6
3824,0,0,5,3
3825,0,0,4,4
3826,0,0,3,1
3827,0,0,2,8
3828,0,0,4,7
3829,1,0,5,7
3830,1,1,5,8
3831,0,0,5,2
3832,0,0,5,3
3833,1,0,4,1
3834,1,0,4,3
3835,0,1,4,6
3836,0,0,4,4
3837,0,1,5,8
3838,0,0,3,6
3839,0,2,5,9
3840,0,0,2,7
3841,1,0,3,8
3842,0,0,1,9
3843,1,0,3,8
3844,0,0,3,7
3845,1,1,4,4
3846,0,0,2,6
3847,0,1,2,4
3848,0,0,1,3
3849,0,0,5,4
3850,0,0,3,5
3851,0,0,5,8
3852,0,2,5,9
3853,0,1,5,2
3854,0,0,4,6
3855,0,0,3,9
3856,1,0,2,6
3857,0,0,4,9
3858,0,0,4,6
3859,0,0,2,7
3860,0,1,3,8
3861,0,1,4,8
3862,0,1,5,6
3863,0,0,3,3
3864,0,0,5,6
3865,0,0,3,6
3866,0,0,3,7
3867,0,1,4,6
3868,0,0,4,10
3869,0,1,3,5
3870,0,0,4,1
3871,0,1,4,8
3872,0,0,4,10
3873,0,0,2,6
3874,0,0,4,5
3875,0,0,5,3
3876,0,0,2,9
3877,0,1,5,5
3878,0,0,4,4
3879,0,0,5,9
3880,1,0,4,6
3881,0,0,5,8
3882,0,0,3,3
3883,0,0,4,5
3884,0,2,3,1
3885,0,1,5,7
3886,0,2,4,9
3887,0,1,4,9
3888,0,1,5,9
3889,0,1,4,5
3890,0,1,2,5
3891,1,0,1,10
3892,0,0,4,8
3893,0,0,2,3
3894,0,0,5,3
3895,0,0,2,7
3896,0,1,4,9
3897,0,1,4,8
3898,0,0,3,7
3899,0,0,4,3
3900,0,0,4,3
3901,0,0,3,9
3902,0,1,3,9
3903,0,1,2,4
3904,0,1,4,9
3905,0,0,5,7
3906,0,0,5,9
3907,0,2,4,7
3908,0,0,5,9
3909,0,1,3,8
3910,0,0,5,4
3911,0,1,5,3
3912,0,0,4,6
3913,0,1,4,4
3914,1,0,3,4
3915,0,1,4,7
3916,0,0,4,4
3917,0,1,5,7
3918,0,0,4,5
3919,0,0,3,3
3920,0,0,2,9
3921,0,1,3,6
3922,0,0,5,3
3923,1,1,3,1
3924,0,0,3,9
3925,0,0,5,3
3926,0,0,3,5
3927,0,0,4,9
3928,0,1,5,8
3929,0,2,5,8
3930,0,0,5,7
3931,1,1,5,4
3932,0,1,4,9
3933,0,2,3,4
3934,0,1,4,4
3935,0,0,2,9
3936,0,1,4,4
3937,0,1,2,10
3938,0,0,4,7
3939,0,1,4,5
3940,0,0,3,0
3941,0,0,5,4
3942,0,1,5,7
3943,0,0,1,5
3944,0,0,4,1
3945,0,3,4,4
3946,1,0,4,6
3947,0,1,4,8
3948,0,0,5,7
3949,1,0,4,5
3950,1,1,5,4
3951,0,0,4,7
3952,1,1,5,5
3953,0,0,3,8
3954,2,2,3,4
3955,0,1,5,8
3956,0,0,1,8
3957,0,0,1,5
3958,1,0,5,6
3959,0,1,5,1
3960,0,0,4,4
3961,0,0,3,6
3962,0,0,4,5
3963,0,0,3,5
3964,0,1,4,5
3965,0,0,5,3
3966,0,0,3,1
3967,1,0,1,5
3968,0,1,5,2
3969,0,0,4,7
3970,0,0,3,3
3971,0,1,5,2
3972,0,0,5,3
3973,0,0,1,0
3974,0,1,3,5
3975,2,0,3,8
3976,1,0,5,5
3977,1,0,3,9
3978,0,0,5,7
3979,0,1,3,7
3980,0,0,3,5
3981,0,0,2,9
3982,0,0,2,0
3983,0,0,5,7
3984,0,0,3,7
3985,0,0,5,5
3986,0,0,5,2
3987,0,0,4,5
3988,0,1,5,2
3989,0,0,3,9
3990,0,1,3,0
3991,0,0,5,6
3992,0,0,4,8
3993,0,1,4,5
3994,0,1,4,5
3995,0,0,5,10
3996,1,0,3,2
3997,0,0,3,7
3998,0,0,4,7
3999,0,2,5,4
4000,0,0,5,8
4001,0,0,5,6
4002,0,1,2,7
4003,0,3,4,4
4004,0,0,5,1
4005,0,0,4,3
4006,0,0,5,4
4007,0,0,2,8
4008,0,0,4,6
4009,0,1,3,5
4010,0,0,4,8
4011,0,1,5,2
4012,0,0,5,3
4013,0,1,5,9
4014,1,2,4,5
4015,0,1,3,5
4016,1,1,3,5
4017,0,1,3,3
4018,0,0,4,6
4019,1,0,5,8
4020,0,1,5,7
4021,0,1,3,7
4022,1,0,3,1
4023,0,0,4,9
4024,0,1,5,9
4025,0,0,2,9
4026,0,1,3,6
4027,0,0,3,4
4028,0,1,3,5
4029,0,0,5,5
4030,0,0,5,8
4031,0,0,4,7
4032,0,1,3,8
4033,0,0,4,6
4034,0,0,4,9
4035,0,1,5,8
4036,0,1,4,8
4037,0,0,3,4
4038,0,0,4,10
4039,1,1,3,8
4040,0,1,4,5
4041,0,0,1,5
4042,0,0,4,7
4043,0,0,4,3
4044,0,0,5,8
4045,0,0,4,6
4046,0,1,1,8
4047,0,0,4,5
4048,0,0,4,9
4049,2,1,5,7
4050,0,0,4,6
4051,0,0,4,6
4052,0,0,4,3
4053,1,0,2,3
4054,0,1,1,0
4055,0,1,3,6
4056,0,0,4,10
4057,0,0,2,2
4058,0,0,5,10
4059,0,0,5,10
4060,0,0,5,10
4061,0,0,3,6
4062,0,1,5,6
4063,0,0,5,8
4064,0,0,5,5
4065,0,1,5,1
4066,0,0,5,6
4067,0,1,2,7
4068,0,1,4,6
4069,0,0,3,5
4070,0,0,5,9
4071,0,0,2,10
4072,0,1,5,4
4073,1,0,4,9
4074,0,0,3,2
4075,0,0,4,10
4076,1,1,1,9
4077,0,2,1,9
4078,0,2,2,6
4079,0,1,4,5
4080,0,2,5,4
4081,0,0,4,1
4082,1,0,5,7
4083,0,1,5,3
4084,0,1,5,9
4085,1,0,4,8
4086,0,0,2,7
4087,0,0,2,7
4088,0,0,3,8
4089,1,1,5,5
4090,0,0,3,5
4091,1,1,3,5
4092,0,1,3,9
4093,0,0,4,3
4094,0,1,5,7
4095,0,2,4,10
4096,0,1,3,9
4097,0,2,2,4
4098,0,0,4,7
4099,0,0,2,6
4100,0,1,3,7
4101,0,0,5,7
4102,0,0,3,7
4103,0,1,3,5
4104,0,0,4,8
4105,0,0,5,9
4106,0,1,3,5
4107,0,0,3,5
4108,0,0,5,2
4109,0,0,4,8
4110,0,0,2,5
4111,0,1,5,7
4112,0,0,3,5
4113,0,0,1,6
4114,0,0,4,8
4115,0,0,4,4
4116,0,0,5,0
4117,0,0,3,7
4118,0,0,5,5
4119,0,2,4,7
4120,0,0,4,9
4121,0,0,5,5
4122,0,0,5,10
4123,0,1,3,6
4124,0,0,4,8
4125,0,0,4,8
4126,0,0,3,5
4127,0,0,3,0
4128,0,0,3,5
4129,1,0,4,6
4130,0,0,4,8
4131,0,0,2,6
4132,0,1,3,6
4133,0,0,5,8
4134,0,1,5,8
4135,0,0,5,8
4136,0,1,4,7
4137,0,3,5,1
4138,0,0,4,5
4139,0,0,5,6
4140,0,1,4,5
4141,0,0,5,6
4142,1,0,4,3
4143,0,1,2,1
4144,0,0,5,7
4145,0,0,5,8
4146,0,0,3,6
4147,1,1,5,5
4148,0,0,4,10
4149,0,0,4,4
4150,0,1,5,6
4151,0,0,4,5
4152,0,0,5,9
4153,0,0,5,0
4154,0,2,4,9
4155,0,0,4,7
4156,0,1,3,9
4157,1,0,4,8
4158,1,1,2,7
4159,0,2,4,8
4160,0,0,3,8
4161,0,0,5,5
4162,0,0,2,7
4163,0,1,3,3
4164,0,1,1,8
4165,0,0,3,9
4166,0,0,3,7
4167,0,0,2,9
4168,0,0,4,10
4169,0,0,2,3
4170,0,0,3,5
4171,0,0,4,6
4172,0,0,4,8
4173,0,0,4,8
4174,0,0,4,8
4175,0,1,3,9
4176,0,1,5,9
4177,0,0,4,6
4178,0,0,5,9
4179,0,0,4,5
4180,0,0,4,8
4181,0,0,5,9
4182,1,0,1,6
4183,0,0,4,2
4184,0,1,2,6
4185,0,0,3,5
4186,0,1,5,7
4187,0,1,3,7
4188,0,1,4,6
4189,1,0,3,7
4190,1,1,4,6
4191,0,1,2,8
4192,1,0,4,3
4193,0,2,4,8
4194,0,0,3,7
4195,0,0,3,2
4196,1,0,5,4
4197,0,2,4,3
4198,0,0,4,9
4199,0,0,4,8
4200,0,0,4,5
4201,0,0,5,9
4202,0,0,5,8
4203,0,2,3,2
4204,0,2,4,10
4205,0,0,5,9
4206,1,0,4,6
4207,0,0,2,7
4208,0,0,3,6
4209,0,1,5,6
4210,0,0,1,4
4211,0,1,2,8
4212,0,0,4,3
4213,0,2,5,7
4214,0,0,5,7
4215,0,0,5,10
4216,0,1,2,4
4217,0,2,3,7
4218,0,1,5,4
4219,0,0,5,7
4220,0,1,5,6
4221,0,0,5,5
4222,0,1,1,7
4223,0,2,5,7
4224,0,0,5,8
4225,0,0,4,1
4226,0,0,3,8
4227,0,0,3,9
4228,0,0,3,3
4229,0,0,3,4
4230,0,2,5,6
4231,0,1,5,7
4232,1,0,2,6
4233,0,0,3,6
4234,0,1,5,10
4235,0,0,4,5
4236,0,1,4,7
4237,0,0,5,8
4238,1,2,5,4
4239,0,1,4,10
4240,0,0,5,4
4241,0,0,5,6
4242,0,0,2,7
4243,0,1,3,7
4244,0,0,4,3
4245,1,0,5,2
4246,0,1,5,4
4247,0,0,5,7
4248,0,1,2,1
4249,0,0,2,7
4250,0,0,1,5
4251,0,2,5,3
4252,0,0,5,5
4253,0,1,5,6
4254,0,0,3,5
4255,0,0,5,8
4256,0,0,4,6
4257,2,0,5,5
4258,0,1,3,9
4259,0,0,4,4
4260,0,2,4,4
4261,0,0,5,9
4262,0,0,5,8
4263,0,1,5,2
4264,0,0,4,7
4265,0,0,5,6
4266,0,2,2,5
4267,0,1,4,9
4268,0,0,4,7
4269,0,0,5,7
4270,0,0,4,10
4271,0,0,2,8
4272,0,0,4,6
4273,0,0,5,6
4274,0,0,4,6
4275,1,0,3,9
4276,0,2,3,10
4277,0,1,5,9
4278,0,1,2,0
4279,0,0,4,9
4280,0,1,5,3
4281,0,0,3,6
4282,1,0,3,2
4283,0,0,4,5
4284,0,1,3,1
4285,0,0,2,8
4286,0,0,4,7
4287,0,0,2,2
4288,0,2,4,6
4289,0,0,5,8
4290,0,0,4,7
4291,0,1,4,7
4292,0,0,4,6
4293,0,2,3,6
4294,0,0,3,9
4295,0,0,1,7
4296,0,0,5,9
4297,0,2,5,8
4298,0,0,2,8
4299,0,0,5,8
4300,0,0,3,9
4301,0,0,3,2
4302,0,0,3,4
4303,0,0,4,5
4304,0,0,5,6
4305,1,0,5,2
4306,0,0,4,5
4307,0,1,4,6
4308,1,0,5,9
4309,0,0,2,5
4310,0,1,3,8
4311,1,0,5,9
4312,0,0,5,5
4313,0,0,4,6
4314,0,0,4,7
4315,0,1,5,7
4316,0,0,1,5
4317,0,1,4,6
4318,0,0,4,0
4319,1,0,5,9
4320,0,1,3,6
4321,1,0,3,6
4322,0,1,4,10
4323,0,0,4,8
4324,0,0,2,6
4325,0,0,4,4
4326,0,0,2,7
4327,0,1,3,8
4328,0,0,4,6
4329,0,0,5,5
4330,0,0,4,8
4331,0,0,3,0
4332,0,0,5,2
4333,0,0,3,7
4334,0,2,5,2
4335,0,1,3,7
4336,0,0,4,3
4337,0,2,4,8
4338,0,1,3,5
4339,0,1,5,5
4340,0,0,4,2
4341,0,0,3,2
4342,0,2,4,7
4343,0,0,2,4
4344,0,1,3,2
4345,0,1,3,5
4346,0,2,3,10
4347,0,1,4,0
4348,0,0,3,9
4349,0,0,4,9
4350,0,0,5,5
4351,0,1,4,7
4352,0,1,5,3
4353,0,2,4,7
4354,0,0,2,10
4355,0,0,3,5
4356,0,3,4,6
4357,0,1,3,5
4358,0,0,4,6
4359,0,0,5,6
4360,0,1,5,7
4361,0,0,3,8
4362,1,0,4,9
4363,0,0,2,4
4364,0,0,3,4
4365,0,1,2,10
4366,1,0,5,9
4367,0,1,3,6
4368,0,0,4,10
4369,0,0,5,3
4370,0,1,4,10
4371,0,0,4,5
4372,0,0,4,9
4373,0,1,4,6
4374,0,1,4,6
4375,1,1,4,3
4376,0,0,5,9
4377,0,1,4,8
4378,0,0,4,7
4379,0,1,4,5
4380,0,1,4,7
4381,0,0,4,7
4382,0,0,3,6
4383,0,0,5,3
4384,0,0,4,1
4385,0,0,3,5
4386,0,1,3,7
4387,0,0,4,8
4388,0,1,4,7
4389,0,0,5,6
4390,0,0,5,8
4391,0,0,4,6
4392,0,1,3,6
4393,0,0,4,7
4394,0,0,4,5
4395,1,0,1,5
4396,0,0,2,9
4397,0,1,4,2
4398,1,1,4,7
4399,0,0,2,7
4400,0,0,5,8
4401,0,1,4,7
4402,0,1,3,5
4403,0,0,4,6
4404,0,1,5,6
4405,0,0,4,8
4406,0,0,3,4
4407,0,0,5,5
4408,0,1,4,5
4409,0,0,4,6
4410,0,0,5,3
4411,0,0,4,5
4412,0,1,2,9
4413,0,0,4,8
4414,1,2,2,9
4415,0,0,3,5
4416,0,0,2,9
4417,0,0,5,6
4418,0,0,2,7
4419,0,1,4,6
4420,0,0,5,3
4421,1,0,3,5
4422,1,1,5,9
4423,0,0,4,5
4424,0,0,3,5
4425,0,0,5,10
4426,2,1,1,5
4427,0,1,3,8
4428,0,0,2,9
4429,0,2,5,7
4430,0,0,4,3
4431,0,1,2,10
4432,0,0,5,0
4433,0,1,4,6
4434,0,0,2,9
4435,0,1,4,2
4436,0,0,4,8
4437,0,0,2,6
4438,0,0,5,7
4439,0,0,5,10
4440,0,1,5,9
4441,0,2,3,2
4442,0,0,2,8
4443,0,0,5,7
4444,1,0,4,7
4445,0,1,5,6
4446,2,0,3,7
4447,0,1,4,6
4448,0,0,3,8
4449,0,1,4,7
4450,0,0,1,8
4451,0,1,3,4
4452,0,0,2,7
4453,0,0,4,6
4454,1,0,2,9
4455,0,1,4,5
4456,0,0,5,3
4457,0,0,3,9
4458,0,0,3,9
4459,0,1,4,1
4460,1,0,2,10
4461,0,1,3,7
4462,1,1,5,10
4463,0,1,5,6
4464,1,1,3,9
4465,0,0,5,8
4466,0,0,2,2
4467,0,0,4,4
4468,0,0,2,4
4469,0,0,4,6
4470,0,1,2,6
4471,0,0,5,6
4472,0,1,4,8
4473,0,0,4,7
4474,0,0,4,7
4475,0,0,5,6
4476,0,1,5,4
4477,0,0,4,5
4478,0,0,4,4
4479,0,0,4,8
4480,0,0,4,3
4481,0,0,2,4
4482,0,0,4,6
4483,0,1,5,8
4484,0,0,3,9
4485,0,1,4,7
4486,1,0,3,5
4487,0,0,4,10
4488,0,0,1,7
4489,0,1,5,3
4490,0,0,5,7
4491,0,1,4,4
4492,0,0,4,6
4493,0,0,5,4
4494,0,0,5,1
4495,0,0,3,8
4496,0,0,5,0
4497,0,0,5,7
4498,0,1,1,4
4499,0,0,5,6
4500,0,0,3,9
4501,1,1,4,8
4502,0,0,5,3
4503,0,1,5,3
4504,0,1,3,7
4505,0,2,5,7
4506,0,0,4,2
4507,0,2,4,7
4508,0,1,4,5
4509,1,0,5,3
4510,1,0,4,9
4511,0,0,4,8
4512,0,0,2,4
4513,0,1,4,8
4514,0,1,5,5
4515,1,0,5,6
4516,0,1,5,8
4517,0,0,3,2
4518,0,0,4,5
4519,0,0,1,8
4520,0,1,5,7
4521,0,0,3,5
4522,0,0,3,5
4523,0,0,5,9
4524,0,0,5,9
4525,0,0,4,3
4526,0,0,4,2
4527,0,1,4,8
4528,2,0,4,7
4529,0,0,5,8
4530,0,0,5,6
4531,0,0,2,4
4532,0,1,3,0
4533,0,0,5,4
4534,1,0,4,8
4535,0,0,5,2
4536,0,1,2,5
4537,0,2,4,7
4538,0,1,2,1
4539,0,0,5,10
4540,0,2,4,7
4541,0,0,5,6
4542,0,1,4,5
4543,0,1,2,9
4544,1,1,2,8
4545,0,2,4,8
4546,0,0,1,4
4547,0,1,4,10
4548,0,1,5,0
4549,0,0,5,7
4550,0,1,4,6
4551,0,0,4,7
4552,0,1,4,8
4553,0,0,5,4
4554,1,0,1,6
4555,0,0,4,10
4556,0,1,4,9
4557,0,0,5,2
4558,0,2,3,8
4559,0,1,3,9
4560,0,0,5,7
4561,1,2,4,3
4562,0,0,4,5
4563,0,1,3,4
4564,0,1,3,6
4565,0,1,3,5
4566,0,0,3,4
4567,0,1,5,6
4568,0,1,4,6
4569,0,0,5,5
4570,0,0,4,4
4571,0,1,5,5
4572,1,1,3,5
4573,0,1,5,3
4574,0,0,5,7
4575,0,0,2,7
4576,0,0,3,5
4577,0,1,5,5
4578,0,0,3,6
4579,0,1,4,6
4580,0,0,5,3
4581,0,0,5,9
4582,0,0,5,5
4583,0,0,3,7
4584,0,0,4,4
4585,0,0,4,5
4586,0,0,3,4
4587,0,0,4,8
4588,0,0,5,7
4589,1,2,4,6
4590,0,0,5,3
4591,0,0,3,3
4592,0,0,4,8
4593,0,2,4,6
4594,0,0,3,5
4595,0,0,3,1
4596,0,1,5,7
4597,0,0,4,7
4598,0,0,5,4
4599,0,1,3,5
4600,0,0,4,3
4601,0,1,4,0
4602,0,0,1,6
4603,0,0,4,10
4604,0,2,5,7
4605,0,0,3,8
4606,0,1,5,9
4607,0,0,4,1
4608,0,0,4,1
4609,0,0,3,3
4610,0,0,4,7
4611,1,1,3,0
4612,0,0,1,2
4613,0,1,5,6
4614,0,3,3,6
4615,0,0,5,3
4616,0,0,4,9
4617,0,0,1,7
4618,0,0,5,5
4619,0,0,4,6
4620,0,2,4,2
4621,0,0,4,6
4622,0,1,5,5
4623,0,2,5,9
4624,0,1,2,8
4625,0,0,4,5
4626,0,2,5,3
4627,0,0,3,10
4628,0,1,3,8
4629,0,0,5,5
4630,0,0,4,6
4631,0,0,5,7
4632,0,0,4,5
4633,0,0,3,4
4634,0,2,3,7
4635,0,1,5,9
4636,0,1,5,4
4637,0,1,4,5
4638,0,0,5,2
4639,0,0,5,7
4640,1,0,5,8
4641,0,1,4,5
4642,0,0,1,3
4643,0,0,3,7
4644,1,0,3,6
4645,0,0,3,6
4646,0,0,5,5
4647,0,0,3,9
4648,0,0,3,6
4649,0,0,3,6
4650,0,0,5,4
4651,0,0,4,5
4652,0,0,5,9
4653,0,0,2,2
4654,0,0,4,4
4655,0,0,5,6
4656,0,0,5,3
4657,0,0,4,9
4658,0,1,5,7
4659,0,0,5,8
4660,0,0,2,7
4661,0,0,3,7
4662,0,1,5,6
4663,0,0,4,6
4664,0,0,5,7
4665,0,1,3,4
4666,0,1,4,3
4667,0,0,2,1
4668,0,1,5,5
4669,0,0,5,2
4670,0,0,5,9
4671,0,0,5,3
4672,0,0,3,5
4673,0,0,5,4
4674,0,0,4,6
4675,1,1,5,3
4676,0,0,5,8
4677,0,0,4,3
4678,0,0,5,9
4679,0,1,4,8
4680,0,0,4,7
4681,0,0,2,6
4682,1,0,4,4
4683,1,1,2,4
4684,0,1,4,7
4685,1,0,4,8
4686,0,1,5,3
4687,0,0,4,6
4688,0,1,5,7
4689,0,0,4,5
4690,0,0,4,9
4691,0,1,3,5
4692,0,1,5,6
4693,0,1,3,5
4694,0,0,2,9
4695,0,2,5,4
4696,0,0,4,5
4697,0,2,5,8
4698,0,0,5,5
4699,0,0,4,6
4700,0,0,2,9
4701,0,1,2,5
4702,0,0,3,8
4703,0,0,3,8
4704,0,0,4,8
4705,0,2,5,9
4706,2,0,4,9
4707,0,0,5,6
4708,0,2,5,6
4709,0,0,1,8
4710,0,0,4,3
4711,0,0,4,4
4712,0,1,4,10
4713,0,3,4,5
4714,0,0,4,6
4715,0,0,5,4
4716,0,0,4,7
4717,1,0,4,8
4718,0,0,5,10
4719,0,1,4,6
4720,0,0,4,9
4721,0,0,2,6
4722,0,1,5,8
4723,0,0,5,4
4724,0,3,2,6
4725,0,1,5,8
4726,1,0,5,6
4727,0,1,5,7
4728,0,0,4,7
4729,0,0,5,2
4730,1,1,5,1
4731,0,0,2,3
4732,0,0,3,6
4733,0,0,3,7
4734,0,0,3,3
4735,0,0,3,7
4736,0,0,3,5
4737,1,0,3,4
4738,1,0,1,7
4739,0,0,3,8
4740,0,0,3,8
4741,0,2,2,6
4742,0,2,4,8
4743,1,1,5,4
4744,0,0,4,5
4745,1,0,5,5
4746,0,0,2,6
4747,0,0,4,7
4748,0,1,3,9
4749,0,1,2,7
4750,0,0,3,5
4751,0,2,5,4
4752,1,0,4,8
4753,0,0,3,7
4754,0,1,3,5
4755,0,0,3,6
4756,0,0,5,5
4757,0,0,4,8
4758,0,2,3,7
4759,0,0,4,3
4760,0,0,3,8
4761,0,0,3,6
4762,0,0,5,7
4763,0,0,4,3
4764,0,0,3,6
4765,0,1,4,6
4766,0,0,4,7
4767,0,0,4,7
4768,0,0,4,3
4769,0,0,5,7
4770,0,0,4,5
4771,0,1,5,7
4772,0,1,5,5
4773,0,1,5,4
4774,0,0,4,10
4775,0,0,5,5
4776,0,1,1,4
4777,0,0,5,6
4778,0,0,3,7
4779,1,1,5,5
4780,0,1,4,5
4781,0,2,5,5
4782,0,0,5,8
4783,0,0,5,6
4784,0,0,4,5
4785,0,0,4,9
4786,0,0,3,5
4787,0,1,5,7
4788,1,0,4,7
4789,1,0,3,6
4790,0,2,4,9
4791,0,1,4,7
4792,0,0,2,10
4793,0,1,3,0
4794,0,1,4,6
4795,1,1,5,7
4796,0,1,4,2
4797,0,1,5,5
4798,1,1,4,7
4799,0,1,2,10
4800,0,0,3,9
4801,1,0,5,6
4802,0,0,3,4
4803,0,0,5,2
4804,1,2,4,6
4805,0,0,4,6
4806,0,0,3,7
4807,0,2,3,6
4808,1,0,3,5
4809,0,1,4,9
4810,1,0,4,6
4811,0,0,4,3
4812,0,0,5,6
4813,0,0,1,9
4814,1,0,4,5
4815,0,0,4,8
4816,0,2,2,9
4817,0,0,1,2
4818,0,1,5,6
4819,0,0,3,5
4820,1,1,4,6
4821,0,1,4,2
4822,0,0,4,3
4823,0,0,5,6
4824,0,0,3,9
4825,0,0,4,2
4826,0,0,3,2
4827,0,0,3,4
4828,0,1,5,3
4829,1,2,2,5
4830,1,0,5,6
4831,0,1,5,8
4832,0,0,4,4
4833,0,0,1,0
4834,0,0,1,7
4835,2,1,4,6
4836,0,0,5,5
4837,0,0,5,8
4838,0,2,4,4
4839,0,0,3,5
4840,0,0,4,6
4841,0,1,5,5
4842,0,0,4,5
4843,1,2,4,7
4844,0,0,3,7
4845,0,1,5,7
4846,0,0,1,6
4847,1,0,1,9
4848,0,0,3,5
4849,0,0,4,2
4850,0,0,4,8
4851,1,1,5,2
4852,0,0,3,10
4853,0,0,3,6
4854,0,2,3,7
4855,0,0,5,5
4856,0,1,4,9
4857,0,1,4,3
4858,0,2,3,6
4859,0,0,3,5
4860,0,1,1,5
4861,0,0,5,5
4862,0,0,4,5
4863,0,1,4,2
4864,0,0,4,6
4865,0,0,5,5
4866,0,0,5,8
4867,0,0,4,6
4868,0,0,4,7
4869,0,0,1,8
4870,0,0,2,8
4871,0,0,5,7
4872,0,1,4,9
4873,0,1,3,5
4874,1,1,4,7
4875,0,0,5,4
4876,0,1,1,7
4877,0,0,5,10
4878,0,0,3,5
4879,0,0,5,3
4880,0,0,5,6
4881,0,0,3,6
4882,1,0,2,7
4883,1,0,3,4
4884,0,0,4,9
4885,0,2,2,6
4886,0,1,5,8
4887,0,0,4,3
4888,0,0,3,5
4889,0,0,5,4
4890,1,0,5,5
4891,0,1,5,1
4892,1,0,4,3
4893,0,0,1,6
4894,1,0,5,3
4895,0,0,3,9
4896,0,1,4,6
4897,0,0,4,8
4898,0,0,4,6
4899,0,2,5,1
4900,0,0,5,5
4901,0,0,4,6
4902,0,0,3,5
4903,0,1,4,7
4904,0,0,3,7
4905,0,1,5,9
4906,0,0,1,5
4907,0,0,5,5
4908,0,0,2,7
4909,0,0,5,6
4910,0,0,4,0
4911,0,0,4,7
4912,0,0,4,7
4913,0,0,4,3
4914,0,1,4,5
4915,0,0,5,8
4916,0,0,2,7
4917,0,1,5,7
4918,1,0,2,8
4919,0,1,4,8
4920,0,1,4,7
4921,0,1,5,7
4922,0,0,2,9
4923,0,0,3,6
4924,0,1,1,7
4925,1,0,5,9
4926,0,0,3,5
4927,0,4,1,5
4928,0,0,5,3
4929,0,0,2,6
4930,0,0,4,3
4931,0,0,4,7
4932,1,0,4,8
4933,0,2,4,6
4934,0,0,5,5
4935,0,0,2,7
4936,0,0,5,3
4937,0,1,3,8
4938,0,0,4,4
4939,0,0,5,3
4940,0,1,2,0
4941,0,0,4,6
4942,0,0,5,1
4943,0,0,5,9
4944,0,0,3,9
4945,1,0,3,6
4946,0,0,4,1
4947,0,0,5,8
4948,0,1,5,3
4949,0,0,4,8
4950,1,0,5,7
4951,0,0,2,9
4952,0,0,2,6
4953,0,0,3,8
4954,0,0,4,8
4955,0,0,4,4
4956,0,0,3,5
4957,0,0,4,7
4958,0,0,4,4
4959,0,1,5,8
4960,0,0,5,6
4961,0,2,3,9
4962,0,1,4,7
4963,1,0,4,6
4964,0,1,4,9
4965,0,0,4,2
4966,0,0,5,1
4967,0,0,4,5
4968,0,1,4,5
4969,0,0,4,6
4970,0,0,4,5
4971,0,0,5,8
4972,2,0,4,10
4973,0,0,4,7
4974,1,0,3,8
4975,0,0,3,8
4976,0,0,4,5
4977,0,2,3,6
4978,0,0,3,10
4979,0,0,5,6
4980,1,0,3,7
4981,0,0,4,10
4982,0,0,4,0
4983,0,0,4,8
4984,0,0,3,8
4985,0,0,3,7
4986,0,1,2,8
4987,0,1,3,9
4988,0,0,4,3
4989,0,1,1,1
4990,1,0,4,5
4991,0,0,5,7
4992,0,2,2,4
4993,0,0,2,9
4994,0,0,2,5
4995,1,0,4,7
4996,0,0,5,7
4997,0,0,5,7
4998,0,0,5,8
4999,0,0,4,10
5000,0,0,4,0
